Reference,Value,Footprint,Datasheet,Sheet,Manufacturer,MPN,LCSC,Procurement status
BT301,CR2032 / NO CHARGE,Battery:BatteryHolder_Keystone_3002_1x2032,,/MCU / ESP32/Peripherals/,,,,ENGINEERING DRAFT - DO NOT ORDER
C101,22u 50V,Capacitor_SMD:C_1210_3225Metric,,/,,,,ENGINEERING DRAFT - DO NOT ORDER
C102,100n / 50V,Capacitor_SMD:C_0603_1608Metric,,/,,,,ENGINEERING DRAFT - DO NOT ORDER
C103,100n / 16V,Capacitor_SMD:C_0603_1608Metric,,/,,,,ENGINEERING DRAFT - DO NOT ORDER
C104,22u / 10V X7R,Capacitor_SMD:C_0805_2012Metric,,/,,,,ENGINEERING DRAFT - DO NOT ORDER
C105,22u / 10V X7R,Capacitor_SMD:C_0805_2012Metric,,/,,,,ENGINEERING DRAFT - DO NOT ORDER
C106,100p / DNP - tune,Capacitor_SMD:C_0603_1608Metric,,/,,,,ENGINEERING DRAFT - DO NOT ORDER
C201,10u / 10V,Capacitor_SMD:C_0805_2012Metric,,/MCU / ESP32/,,,,ENGINEERING DRAFT - DO NOT ORDER
C202,100n / 16V,Capacitor_SMD:C_0603_1608Metric,,/MCU / ESP32/,,,,ENGINEERING DRAFT - DO NOT ORDER
C203,1u / 16V,Capacitor_SMD:C_0603_1608Metric,,/MCU / ESP32/,,,,ENGINEERING DRAFT - DO NOT ORDER
C301,100n / 16V,Capacitor_SMD:C_0603_1608Metric,,/MCU / ESP32/Peripherals/,,,,ENGINEERING DRAFT - DO NOT ORDER
C302,1u / 16V,Capacitor_SMD:C_0603_1608Metric,,/MCU / ESP32/Peripherals/,,,,ENGINEERING DRAFT - DO NOT ORDER
C303,100n / 16V,Capacitor_SMD:C_0603_1608Metric,,/MCU / ESP32/Peripherals/,,,,ENGINEERING DRAFT - DO NOT ORDER
C401,22u / 10V X7R,Capacitor_SMD:C_0805_2012Metric,,/MCU / ESP32/Peripherals/,,,,ENGINEERING DRAFT - DO NOT ORDER
C402,100n / 16V,Capacitor_SMD:C_0603_1608Metric,,/MCU / ESP32/Peripherals/,,,,ENGINEERING DRAFT - DO NOT ORDER
C521,10u / 25V X7R,Capacitor_SMD:C_1210_3225Metric,,/Outputs/,,,,ENGINEERING DRAFT - DO NOT ORDER
C601,100n / 25V,Capacitor_SMD:C_0603_1608Metric,,/Outputs/Heater/,,,,ENGINEERING DRAFT - DO NOT ORDER
C602,2.2u / 25V X7R,Capacitor_SMD:C_0805_2012Metric,,/Outputs/Heater/,,,,ENGINEERING DRAFT - DO NOT ORDER
C603,2.2u / 50V X7R,Capacitor_SMD:C_0805_2012Metric,,/Outputs/Heater/,,,,ENGINEERING DRAFT - DO NOT ORDER
C604,10u / 16V X7R,Capacitor_SMD:C_0805_2012Metric,,/Outputs/Heater/,,,,ENGINEERING DRAFT - DO NOT ORDER
C700,100n 16V,Capacitor_SMD:C_0603_1608Metric,,/LEDDrivers/,,,,ENGINEERING DRAFT - DO NOT ORDER
C711,1u 25V X7R,Capacitor_SMD:C_0805_2012Metric,,/LEDDrivers/,,,,ENGINEERING DRAFT - DO NOT ORDER
C712,100p / comp tune,Capacitor_SMD:C_0603_1608Metric,,/LEDDrivers/,,,,ENGINEERING DRAFT - DO NOT ORDER
C713,100p / CS tune,Capacitor_SMD:C_0603_1608Metric,,/LEDDrivers/,,,,ENGINEERING DRAFT - DO NOT ORDER
C714,220n / comp tune,Capacitor_SMD:C_0603_1608Metric,,/LEDDrivers/,,,,ENGINEERING DRAFT - DO NOT ORDER
C715,22u 25V X7R,Capacitor_SMD:C_1210_3225Metric,,/LEDDrivers/,,,,ENGINEERING DRAFT - DO NOT ORDER
C716,10u 100V X7S,Capacitor_SMD:C_1210_3225Metric,https://product.samsungsem.com/mlcc/CL32Y106KCV6PN.do,/LEDDrivers/,Samsung Electro-Mechanics,CL32Y106KCV6PNE,C22380050,ENGINEERING DRAFT - DO NOT ORDER
C717,10u 100V X7S,Capacitor_SMD:C_1210_3225Metric,https://product.samsungsem.com/mlcc/CL32Y106KCV6PN.do,/LEDDrivers/,Samsung Electro-Mechanics,CL32Y106KCV6PNE,C22380050,ENGINEERING DRAFT - DO NOT ORDER
C718,10u 100V X7S,Capacitor_SMD:C_1210_3225Metric,https://product.samsungsem.com/mlcc/CL32Y106KCV6PN.do,/LEDDrivers/,Samsung Electro-Mechanics,CL32Y106KCV6PNE,C22380050,ENGINEERING DRAFT - DO NOT ORDER
C719,10u 100V X7S,Capacitor_SMD:C_1210_3225Metric,https://product.samsungsem.com/mlcc/CL32Y106KCV6PN.do,/LEDDrivers/,Samsung Electro-Mechanics,CL32Y106KCV6PNE,C22380050,ENGINEERING DRAFT - DO NOT ORDER
C721,1u 25V X7R,Capacitor_SMD:C_0805_2012Metric,,/LEDDrivers/,,,,ENGINEERING DRAFT - DO NOT ORDER
C722,100p / comp tune,Capacitor_SMD:C_0603_1608Metric,,/LEDDrivers/,,,,ENGINEERING DRAFT - DO NOT ORDER
C723,100p / CS tune,Capacitor_SMD:C_0603_1608Metric,,/LEDDrivers/,,,,ENGINEERING DRAFT - DO NOT ORDER
C724,220n / comp tune,Capacitor_SMD:C_0603_1608Metric,,/LEDDrivers/,,,,ENGINEERING DRAFT - DO NOT ORDER
C725,22u 25V X7R,Capacitor_SMD:C_1210_3225Metric,,/LEDDrivers/,,,,ENGINEERING DRAFT - DO NOT ORDER
C726,10u 100V X7S,Capacitor_SMD:C_1210_3225Metric,https://product.samsungsem.com/mlcc/CL32Y106KCV6PN.do,/LEDDrivers/,Samsung Electro-Mechanics,CL32Y106KCV6PNE,C22380050,ENGINEERING DRAFT - DO NOT ORDER
C727,10u 100V X7S,Capacitor_SMD:C_1210_3225Metric,https://product.samsungsem.com/mlcc/CL32Y106KCV6PN.do,/LEDDrivers/,Samsung Electro-Mechanics,CL32Y106KCV6PNE,C22380050,ENGINEERING DRAFT - DO NOT ORDER
C731,1u 25V X7R,Capacitor_SMD:C_0805_2012Metric,,/LEDDrivers/,,,,ENGINEERING DRAFT - DO NOT ORDER
C732,100p / comp tune,Capacitor_SMD:C_0603_1608Metric,,/LEDDrivers/,,,,ENGINEERING DRAFT - DO NOT ORDER
C733,100p / CS tune,Capacitor_SMD:C_0603_1608Metric,,/LEDDrivers/,,,,ENGINEERING DRAFT - DO NOT ORDER
C734,220n / comp tune,Capacitor_SMD:C_0603_1608Metric,,/LEDDrivers/,,,,ENGINEERING DRAFT - DO NOT ORDER
C735,22u 25V X7R,Capacitor_SMD:C_1210_3225Metric,,/LEDDrivers/,,,,ENGINEERING DRAFT - DO NOT ORDER
C736,10u 100V X7S,Capacitor_SMD:C_1210_3225Metric,https://product.samsungsem.com/mlcc/CL32Y106KCV6PN.do,/LEDDrivers/,Samsung Electro-Mechanics,CL32Y106KCV6PNE,C22380050,ENGINEERING DRAFT - DO NOT ORDER
C737,10u 100V X7S,Capacitor_SMD:C_1210_3225Metric,https://product.samsungsem.com/mlcc/CL32Y106KCV6PN.do,/LEDDrivers/,Samsung Electro-Mechanics,CL32Y106KCV6PNE,C22380050,ENGINEERING DRAFT - DO NOT ORDER
C901,220u / 35V low ESR,Capacitor_SMD:CP_Elec_10x10.5,,/InputPower/,,,,ENGINEERING DRAFT - DO NOT ORDER
C902,1u / 50V X7R,Capacitor_SMD:C_1210_3225Metric,,/InputPower/,,,,ENGINEERING DRAFT - DO NOT ORDER
C903,100n / 50V X7R,Capacitor_SMD:C_0805_2012Metric,,/InputPower/,,,,ENGINEERING DRAFT - DO NOT ORDER
C904,220n / 50V X7R,Capacitor_SMD:C_0805_2012Metric,,/InputPower/,,,,ENGINEERING DRAFT - DO NOT ORDER
D301,TPD2E2U06DCKR,Package_TO_SOT_SMD:SOT-323_SC-70,http://www.ti.com/lit/ds/symlink/tpd2e2u06.pdf,/MCU / ESP32/Peripherals/,,,,ENGINEERING DRAFT - DO NOT ORDER
D302,TPD2E2U06DCKR,Package_TO_SOT_SMD:SOT-323_SC-70,http://www.ti.com/lit/ds/symlink/tpd2e2u06.pdf,/MCU / ESP32/Peripherals/,,,,ENGINEERING DRAFT - DO NOT ORDER
D401,TPD2E2U06DCKR,Package_TO_SOT_SMD:SOT-323_SC-70,http://www.ti.com/lit/ds/symlink/tpd2e2u06.pdf,/MCU / ESP32/Peripherals/,,,,ENGINEERING DRAFT - DO NOT ORDER
D402,TPD2E2U06DCKR,Package_TO_SOT_SMD:SOT-323_SC-70,http://www.ti.com/lit/ds/symlink/tpd2e2u06.pdf,/MCU / ESP32/Peripherals/,,,,ENGINEERING DRAFT - DO NOT ORDER
D403,TPD2E2U06DCKR,Package_TO_SOT_SMD:SOT-323_SC-70,http://www.ti.com/lit/ds/symlink/tpd2e2u06.pdf,/MCU / ESP32/Peripherals/,,,,ENGINEERING DRAFT - DO NOT ORDER
D501,TPD2E2U06DCKR,Package_TO_SOT_SMD:SOT-323_SC-70,http://www.ti.com/lit/ds/symlink/tpd2e2u06.pdf,/Outputs/,,,,ENGINEERING DRAFT - DO NOT ORDER
D511,TPD2E2U06DCKR,Package_TO_SOT_SMD:SOT-323_SC-70,http://www.ti.com/lit/ds/symlink/tpd2e2u06.pdf,/Outputs/,,,,ENGINEERING DRAFT - DO NOT ORDER
D521,SS34-E3/57T,Diode_SMD:D_SMC,https://www.vishay.com/docs/88751/ss32.pdf,/Outputs/,,,,ENGINEERING DRAFT - DO NOT ORDER
D601,SMBJ18A-E3/52,Diode_SMD:D_SMB,,/Outputs/Heater/,,,,ENGINEERING DRAFT - DO NOT ORDER
D711,STPS5H100B-TR,Package_TO_SOT_SMD:TO-252-2,https://www.st.com/resource/en/datasheet/stps5h100.pdf,/LEDDrivers/,STMicroelectronics,STPS5H100B-TR,C10648,ENGINEERING DRAFT - DO NOT ORDER
D721,STPS2H100AFY,Diode_SMD:D_SOD-128,https://www.st.com/resource/en/datasheet/stps2h100-y.pdf,/LEDDrivers/,STMicroelectronics,STPS2H100AFY,C3757915,ENGINEERING DRAFT - DO NOT ORDER
D731,STPS2H100AFY,Diode_SMD:D_SOD-128,https://www.st.com/resource/en/datasheet/stps2h100-y.pdf,/LEDDrivers/,STMicroelectronics,STPS2H100AFY,C3757915,ENGINEERING DRAFT - DO NOT ORDER
D901,SMBJ14CA-E3/52,Diode_SMD:D_SMB,https://www.vishay.com/docs/88392/smbj.pdf,/InputPower/,Vishay,SMBJ14CA-E3/52,,ENGINEERING DRAFT - DO NOT ORDER
F301,PTC 0.10A / >=16V,Fuse:Fuse_1206_3216Metric,,/MCU / ESP32/Peripherals/,,,,ENGINEERING DRAFT - DO NOT ORDER
F901,25 A preliminary / verify I2t,Fuse:Fuse_2920_7451Metric,,/InputPower/,,,,ENGINEERING DRAFT - DO NOT ORDER
F902,20 A loads / verify,Fuse:Fuse_2920_7451Metric,,/InputPower/,,,,ENGINEERING DRAFT - DO NOT ORDER
F903,10 A LED / verify,Fuse:Fuse_2920_7451Metric,,/InputPower/,,,,ENGINEERING DRAFT - DO NOT ORDER
J201,UART / 3V3 logic,Connector_PinHeader_2.54mm:PinHeader_1x06_P2.54mm_Vertical,,/MCU / ESP32/,,,,ENGINEERING DRAFT - DO NOT ORDER
J301,SHT4x / XH 2.50,Connector_JST:JST_XH_B4B-XH-A_1x04_P2.50mm_Vertical,,/MCU / ESP32/Peripherals/,,,,ENGINEERING DRAFT - DO NOT ORDER
J302,FLOAT / WAGO 2601,TerminalBlock_WAGO:TerminalBlock_WAGO_2601-1102_1x02_P3.50mm_Horizontal,,/MCU / ESP32/Peripherals/,,,,ENGINEERING DRAFT - DO NOT ORDER
J401,Molex 104031-0811,Connector_Card:microSD_HC_Molex_104031-0811,https://www.hirose.com/en/product/document?clcode=&productname=&series=DM3&documenttype=Catalog&lang=en&documentid=D49662_en,/MCU / ESP32/Peripherals/,,,,ENGINEERING DRAFT - DO NOT ORDER
J501,FAN1 / WAGO 2601,TerminalBlock_WAGO:TerminalBlock_WAGO_2601-1104_1x04_P3.50mm_Horizontal,,/Outputs/,,,,ENGINEERING DRAFT - DO NOT ORDER
J511,FAN2 / WAGO 2601,TerminalBlock_WAGO:TerminalBlock_WAGO_2601-1104_1x04_P3.50mm_Horizontal,,/Outputs/,,,,ENGINEERING DRAFT - DO NOT ORDER
J521,PUMP + / switched -,TerminalBlock_WAGO:TerminalBlock_WAGO_2601-1102_1x02_P3.50mm_Horizontal,,/Outputs/,,,,ENGINEERING DRAFT - DO NOT ORDER
J601,PTC + / switched -,TerminalBlock_WAGO:TerminalBlock_WAGO_2601-1102_1x02_P3.50mm_Horizontal,,/Outputs/Heater/,,,,ENGINEERING DRAFT - DO NOT ORDER
J711,LED +/- (return isolated),"TerminalBlock_Phoenix:TerminalBlock_Phoenix_MKDS-1,5-2-5.08_1x02_P5.08mm_Horizontal",,/LEDDrivers/,,,,ENGINEERING DRAFT - DO NOT ORDER
J721,LED +/- (return isolated),"TerminalBlock_Phoenix:TerminalBlock_Phoenix_MKDS-1,5-2-5.08_1x02_P5.08mm_Horizontal",,/LEDDrivers/,,,,ENGINEERING DRAFT - DO NOT ORDER
J731,LED +/- (return isolated),"TerminalBlock_Phoenix:TerminalBlock_Phoenix_MKDS-1,5-2-5.08_1x02_P5.08mm_Horizontal",,/LEDDrivers/,,,,ENGINEERING DRAFT - DO NOT ORDER
J901,12 V IN / 25 A design,"TerminalBlock_Phoenix:TerminalBlock_Phoenix_MKDS-1,5-2-5.08_1x02_P5.08mm_Horizontal",,/InputPower/,,,,ENGINEERING DRAFT - DO NOT ORDER
L101,10uH / Isat >= 4.5A,Inductor_SMD:L_Coilcraft_XAL7050-XXX,,/,,,,ENGINEERING DRAFT - DO NOT ORDER
L711,47u SRP1770TA-470M,Inductor_SMD:L_Bourns_SRP1770TA_16.9x16.9mm,https://www.bourns.com/docs/Product-Datasheets/SRP1770TA.pdf,/LEDDrivers/,Bourns,SRP1770TA-470M,C2041872,ENGINEERING DRAFT - DO NOT ORDER
L721,47u SRP1265A-470M,GrowBox:L_Bourns_SRP1265A,https://www.bourns.com/docs/Product-Datasheets/SRP1265A.pdf,/LEDDrivers/,Bourns,SRP1265A-470M,C840530,ENGINEERING DRAFT - DO NOT ORDER
L731,47u SRP1265A-470M,GrowBox:L_Bourns_SRP1265A,https://www.bourns.com/docs/Product-Datasheets/SRP1265A.pdf,/LEDDrivers/,Bourns,SRP1265A-470M,C840530,ENGINEERING DRAFT - DO NOT ORDER
Q501,AO3400A,Package_TO_SOT_SMD:SOT-23,http://www.aosmd.com/pdfs/datasheet/AO3400A.pdf,/Outputs/,,,,ENGINEERING DRAFT - DO NOT ORDER
Q511,AO3400A,Package_TO_SOT_SMD:SOT-23,http://www.aosmd.com/pdfs/datasheet/AO3400A.pdf,/Outputs/,,,,ENGINEERING DRAFT - DO NOT ORDER
Q521,AO3400A,Package_TO_SOT_SMD:SOT-23,http://www.aosmd.com/pdfs/datasheet/AO3400A.pdf,/Outputs/,,,,ENGINEERING DRAFT - DO NOT ORDER
Q601,NTMFS5C628NLT1G,Package_SO:ONSemi_SO-8FL_488AA,https://www.onsemi.com/download/data-sheet/pdf/ntmfs5c628nl-d.pdf,/Outputs/Heater/,onsemi,NTMFS5C628NLT1G,C145537,ENGINEERING DRAFT - DO NOT ORDER
Q711,SiR106ADP-T1-RE3,Package_SO:PowerPAK_SO-8_Single,,/LEDDrivers/,,,,ENGINEERING DRAFT - DO NOT ORDER
Q721,CSD19538Q3A,GrowBox:TI_DNH0008A_CSD19538Q3A,https://www.ti.com/lit/ds/symlink/csd19538q3a.pdf,/LEDDrivers/,,,,ENGINEERING DRAFT - DO NOT ORDER
Q731,CSD19538Q3A,GrowBox:TI_DNH0008A_CSD19538Q3A,https://www.ti.com/lit/ds/symlink/csd19538q3a.pdf,/LEDDrivers/,,,,ENGINEERING DRAFT - DO NOT ORDER
Q901,NTMFS5C628NLT1G,Package_SO:ONSemi_SO-8FL_488AA,https://www.onsemi.com/download/data-sheet/pdf/ntmfs5c628nl-d.pdf,/InputPower/,onsemi,NTMFS5C628NLT1G,C145537,ENGINEERING DRAFT - DO NOT ORDER
R101,100k 0.1%,Resistor_SMD:R_0603_1608Metric,,/,,,,ENGINEERING DRAFT - DO NOT ORDER
R102,22k 0.1%,Resistor_SMD:R_0603_1608Metric,,/,,,,ENGINEERING DRAFT - DO NOT ORDER
R201,10k,Resistor_SMD:R_0603_1608Metric,,/MCU / ESP32/,,,,ENGINEERING DRAFT - DO NOT ORDER
R202,10k,Resistor_SMD:R_0603_1608Metric,,/MCU / ESP32/,,,,ENGINEERING DRAFT - DO NOT ORDER
R203,10k,Resistor_SMD:R_0603_1608Metric,,/MCU / ESP32/,,,,ENGINEERING DRAFT - DO NOT ORDER
R204,1k / VREF only,Resistor_SMD:R_0603_1608Metric,,/MCU / ESP32/,,,,ENGINEERING DRAFT - DO NOT ORDER
R205,470,Resistor_SMD:R_0603_1608Metric,,/MCU / ESP32/,,,,ENGINEERING DRAFT - DO NOT ORDER
R206,470,Resistor_SMD:R_0603_1608Metric,,/MCU / ESP32/,,,,ENGINEERING DRAFT - DO NOT ORDER
R207,10k,Resistor_SMD:R_0603_1608Metric,,/MCU / ESP32/,,,,ENGINEERING DRAFT - DO NOT ORDER
R208,10k,Resistor_SMD:R_0603_1608Metric,,/MCU / ESP32/,,,,ENGINEERING DRAFT - DO NOT ORDER
R209,10k,Resistor_SMD:R_0603_1608Metric,,/MCU / ESP32/,,,,ENGINEERING DRAFT - DO NOT ORDER
R210,10k,Resistor_SMD:R_0603_1608Metric,,/MCU / ESP32/,,,,ENGINEERING DRAFT - DO NOT ORDER
R211,10k,Resistor_SMD:R_0603_1608Metric,,/MCU / ESP32/,,,,ENGINEERING DRAFT - DO NOT ORDER
R212,10k,Resistor_SMD:R_0603_1608Metric,,/MCU / ESP32/,,,,ENGINEERING DRAFT - DO NOT ORDER
R301,4.7k,Resistor_SMD:R_0603_1608Metric,,/MCU / ESP32/Peripherals/,,,,ENGINEERING DRAFT - DO NOT ORDER
R302,4.7k,Resistor_SMD:R_0603_1608Metric,,/MCU / ESP32/Peripherals/,,,,ENGINEERING DRAFT - DO NOT ORDER
R303,33,Resistor_SMD:R_0603_1608Metric,,/MCU / ESP32/Peripherals/,,,,ENGINEERING DRAFT - DO NOT ORDER
R304,33,Resistor_SMD:R_0603_1608Metric,,/MCU / ESP32/Peripherals/,,,,ENGINEERING DRAFT - DO NOT ORDER
R305,1k,Resistor_SMD:R_0603_1608Metric,,/MCU / ESP32/Peripherals/,,,,ENGINEERING DRAFT - DO NOT ORDER
R306,10k,Resistor_SMD:R_0603_1608Metric,,/MCU / ESP32/Peripherals/,,,,ENGINEERING DRAFT - DO NOT ORDER
R401,33,Resistor_SMD:R_0603_1608Metric,,/MCU / ESP32/Peripherals/,,,,ENGINEERING DRAFT - DO NOT ORDER
R402,33,Resistor_SMD:R_0603_1608Metric,,/MCU / ESP32/Peripherals/,,,,ENGINEERING DRAFT - DO NOT ORDER
R403,33,Resistor_SMD:R_0603_1608Metric,,/MCU / ESP32/Peripherals/,,,,ENGINEERING DRAFT - DO NOT ORDER
R404,33,Resistor_SMD:R_0603_1608Metric,,/MCU / ESP32/Peripherals/,,,,ENGINEERING DRAFT - DO NOT ORDER
R405,10k,Resistor_SMD:R_0603_1608Metric,,/MCU / ESP32/Peripherals/,,,,ENGINEERING DRAFT - DO NOT ORDER
R406,10k,Resistor_SMD:R_0603_1608Metric,,/MCU / ESP32/Peripherals/,,,,ENGINEERING DRAFT - DO NOT ORDER
R407,10k,Resistor_SMD:R_0603_1608Metric,,/MCU / ESP32/Peripherals/,,,,ENGINEERING DRAFT - DO NOT ORDER
R408,10k,Resistor_SMD:R_0603_1608Metric,,/MCU / ESP32/Peripherals/,,,,ENGINEERING DRAFT - DO NOT ORDER
R409,0 / SD supply,Resistor_SMD:R_0805_2012Metric,,/MCU / ESP32/Peripherals/,,,,ENGINEERING DRAFT - DO NOT ORDER
R410,10k,Resistor_SMD:R_0603_1608Metric,,/MCU / ESP32/Peripherals/,,,,ENGINEERING DRAFT - DO NOT ORDER
R501,100,Resistor_SMD:R_0603_1608Metric,,/Outputs/,,,,ENGINEERING DRAFT - DO NOT ORDER
R502,100k,Resistor_SMD:R_0603_1608Metric,,/Outputs/,,,,ENGINEERING DRAFT - DO NOT ORDER
R503,1k,Resistor_SMD:R_0603_1608Metric,,/Outputs/,,,,ENGINEERING DRAFT - DO NOT ORDER
R511,100,Resistor_SMD:R_0603_1608Metric,,/Outputs/,,,,ENGINEERING DRAFT - DO NOT ORDER
R512,100k,Resistor_SMD:R_0603_1608Metric,,/Outputs/,,,,ENGINEERING DRAFT - DO NOT ORDER
R513,1k,Resistor_SMD:R_0603_1608Metric,,/Outputs/,,,,ENGINEERING DRAFT - DO NOT ORDER
R521,100,Resistor_SMD:R_0603_1608Metric,,/Outputs/,,,,ENGINEERING DRAFT - DO NOT ORDER
R522,100k,Resistor_SMD:R_0603_1608Metric,,/Outputs/,,,,ENGINEERING DRAFT - DO NOT ORDER
R601,10,Resistor_SMD:R_0603_1608Metric,,/Outputs/Heater/,,,,ENGINEERING DRAFT - DO NOT ORDER
R602,100k,Resistor_SMD:R_0603_1608Metric,,/Outputs/Heater/,,,,ENGINEERING DRAFT - DO NOT ORDER
R701,47k,Resistor_SMD:R_0603_1608Metric,,/LEDDrivers/,,,,ENGINEERING DRAFT - DO NOT ORDER
R702,47k,Resistor_SMD:R_0603_1608Metric,,/LEDDrivers/,,,,ENGINEERING DRAFT - DO NOT ORDER
R703,47k,Resistor_SMD:R_0603_1608Metric,,/LEDDrivers/,,,,ENGINEERING DRAFT - DO NOT ORDER
R711,10R,Resistor_SMD:R_0603_1608Metric,,/LEDDrivers/,,,,ENGINEERING DRAFT - DO NOT ORDER
R712,1k 1% / slope tune,Resistor_SMD:R_0603_1608Metric,,/LEDDrivers/,,,,ENGINEERING DRAFT - DO NOT ORDER
R713,100k,Resistor_SMD:R_0603_1608Metric,,/LEDDrivers/,,,,ENGINEERING DRAFT - DO NOT ORDER
R714,10k / comp tune,Resistor_SMD:R_0603_1608Metric,,/LEDDrivers/,,,,ENGINEERING DRAFT - DO NOT ORDER
R715,0.027 1% >=2W,Resistor_SMD:R_2512_6332Metric,,/LEDDrivers/,,,,ENGINEERING DRAFT - DO NOT ORDER
R716,0.182 1% >=1W,Resistor_SMD:R_2512_6332Metric,,/LEDDrivers/,,,,ENGINEERING DRAFT - DO NOT ORDER
R717,316k 1%,Resistor_SMD:R_0603_1608Metric,,/LEDDrivers/,,,,ENGINEERING DRAFT - DO NOT ORDER
R718,10k 1%,Resistor_SMD:R_0603_1608Metric,,/LEDDrivers/,,,,ENGINEERING DRAFT - DO NOT ORDER
R721,10R,Resistor_SMD:R_0603_1608Metric,,/LEDDrivers/,,,,ENGINEERING DRAFT - DO NOT ORDER
R722,2.7k 1% / slope tune,Resistor_SMD:R_0603_1608Metric,,/LEDDrivers/,,,,ENGINEERING DRAFT - DO NOT ORDER
R723,100k,Resistor_SMD:R_0603_1608Metric,,/LEDDrivers/,,,,ENGINEERING DRAFT - DO NOT ORDER
R724,10k / comp tune,Resistor_SMD:R_0603_1608Metric,,/LEDDrivers/,,,,ENGINEERING DRAFT - DO NOT ORDER
R725,0.047 1% >=1W,Resistor_SMD:R_2512_6332Metric,,/LEDDrivers/,,,,ENGINEERING DRAFT - DO NOT ORDER
R726,0.80 1% >=0.25W,Resistor_SMD:R_1206_3216Metric,,/LEDDrivers/,,,,ENGINEERING DRAFT - DO NOT ORDER
R727,316k 1%,Resistor_SMD:R_0603_1608Metric,,/LEDDrivers/,,,,ENGINEERING DRAFT - DO NOT ORDER
R728,10k 1%,Resistor_SMD:R_0603_1608Metric,,/LEDDrivers/,,,,ENGINEERING DRAFT - DO NOT ORDER
R731,10R,Resistor_SMD:R_0603_1608Metric,,/LEDDrivers/,,,,ENGINEERING DRAFT - DO NOT ORDER
R732,2.7k 1% / slope tune,Resistor_SMD:R_0603_1608Metric,,/LEDDrivers/,,,,ENGINEERING DRAFT - DO NOT ORDER
R733,100k,Resistor_SMD:R_0603_1608Metric,,/LEDDrivers/,,,,ENGINEERING DRAFT - DO NOT ORDER
R734,10k / comp tune,Resistor_SMD:R_0603_1608Metric,,/LEDDrivers/,,,,ENGINEERING DRAFT - DO NOT ORDER
R735,0.047 1% >=1W,Resistor_SMD:R_2512_6332Metric,,/LEDDrivers/,,,,ENGINEERING DRAFT - DO NOT ORDER
R736,0.80 1% >=0.25W,Resistor_SMD:R_1206_3216Metric,,/LEDDrivers/,,,,ENGINEERING DRAFT - DO NOT ORDER
R737,316k 1%,Resistor_SMD:R_0603_1608Metric,,/LEDDrivers/,,,,ENGINEERING DRAFT - DO NOT ORDER
R738,10k 1%,Resistor_SMD:R_0603_1608Metric,,/LEDDrivers/,,,,ENGINEERING DRAFT - DO NOT ORDER
R903,0 / gate link,Resistor_SMD:R_0603_1608Metric,,/InputPower/,,,,ENGINEERING DRAFT - DO NOT ORDER
SW201,RESET,Button_Switch_SMD:SW_SPST_TL3342,,/MCU / ESP32/,,,,ENGINEERING DRAFT - DO NOT ORDER
SW202,BOOT,Button_Switch_SMD:SW_SPST_TL3342,,/MCU / ESP32/,,,,ENGINEERING DRAFT - DO NOT ORDER
TP101,+12V_PROTECTED,TestPoint:TestPoint_Pad_D2.0mm,,/,,,,ENGINEERING DRAFT - DO NOT ORDER
TP102,+3V3,TestPoint:TestPoint_Pad_D2.0mm,,/,,,,ENGINEERING DRAFT - DO NOT ORDER
TP103,GND,TestPoint:TestPoint_Pad_D2.0mm,,/,,,,ENGINEERING DRAFT - DO NOT ORDER
TP901,+12V_PROTECTED,TestPoint:TestPoint_Pad_D2.0mm,,/InputPower/,,,,ENGINEERING DRAFT - DO NOT ORDER
TP902,+12V_LOADS,TestPoint:TestPoint_Pad_D2.0mm,,/InputPower/,,,,ENGINEERING DRAFT - DO NOT ORDER
TP903,+12V_LED,TestPoint:TestPoint_Pad_D2.0mm,,/InputPower/,,,,ENGINEERING DRAFT - DO NOT ORDER
U101,TPS54202DDCR,Package_TO_SOT_SMD:SOT-23-6,http://www.ti.com/lit/ds/symlink/tps54202.pdf,/,,,,ENGINEERING DRAFT - DO NOT ORDER
U201,ESP32-WROOM-32E-N4,RF_Module:ESP32-WROOM-32E,https://www.espressif.com/sites/default/files/documentation/esp32-wroom-32e_esp32-wroom-32ue_datasheet_en.pdf,/MCU / ESP32/,,,,ENGINEERING DRAFT - DO NOT ORDER
U301,DS3231MZ+TRL,Package_SO:SOIC-8_3.9x4.9mm_P1.27mm,https://www.analog.com/media/en/technical-documentation/data-sheets/DS3231M.pdf,/MCU / ESP32/Peripherals/,,,,ENGINEERING DRAFT - DO NOT ORDER
U601,UCC27524ADR,Package_SO:SOIC-8_3.9x4.9mm_P1.27mm,https://www.ti.com/lit/ds/symlink/ucc27524a.pdf,/Outputs/Heater/,,,,ENGINEERING DRAFT - DO NOT ORDER
U602,TPS70950DBVR,Package_TO_SOT_SMD:SOT-23-5,https://www.ti.com/lit/ds/symlink/tps709.pdf,/Outputs/Heater/,Texas Instruments,TPS70950DBVR,C96028,ENGINEERING DRAFT - DO NOT ORDER
U700,SN74LVC1G08DBVR,Package_TO_SOT_SMD:SOT-23-5,https://www.ti.com/lit/ds/symlink/sn74lvc1g08.pdf,/LEDDrivers/,,,,ENGINEERING DRAFT - DO NOT ORDER
U710,AL8853S-13,Package_SO:SOIC-8_3.9x4.9mm_P1.27mm,https://www.diodes.com/datasheet/download/AL8853.pdf,/LEDDrivers/,,,,ENGINEERING DRAFT - DO NOT ORDER
U720,AL8853S-13,Package_SO:SOIC-8_3.9x4.9mm_P1.27mm,https://www.diodes.com/datasheet/download/AL8853.pdf,/LEDDrivers/,,,,ENGINEERING DRAFT - DO NOT ORDER
U730,AL8853S-13,Package_SO:SOIC-8_3.9x4.9mm_P1.27mm,https://www.diodes.com/datasheet/download/AL8853.pdf,/LEDDrivers/,,,,ENGINEERING DRAFT - DO NOT ORDER
U901,LM74700QDBVRQ1,Package_TO_SOT_SMD:SOT-23-6,https://www.ti.com/lit/ds/symlink/lm74700-q1.pdf,/InputPower/,Texas Instruments,LM74700QDBVRQ1,C2941042,ENGINEERING DRAFT - DO NOT ORDER
