LCSC Part Number,Quantity,Manufacturer Part,Designator,Comment
C98732,1,Amass XT60PW-M,J901,0 in stock at LCSC on 2026-09-28
C515606,2,Vishay SMBJ26CA-E3/52,D601 D901,
C178549,1,Panasonic EEEFK1H221P,C901,
C40708,1,Samsung CL32B105KBHNNNE,C902,
C19727305,1,XFCN XF-508P-B-B,F902,
C151094,1,Littelfuse 0297010.WXNV (F902 insert),-,not in schematic
C190006,1,TI LMR16020PDDAR,U902,
C35722,2,Vishay SS36-E3/57T,D521 D902,
C386166,6,Taiyo Yuden UMK325AB7106KMHP,C521 C710 C715 C725 C905 C906,
C1591,10,Samsung CL10B104KB8NNNC,C102 C103 C202 C301 C303 C402 C601 C700 C907 C908,
C136279,1,Panasonic 25SVPF100M,C909,
C309062,2,Samsung CL32B226KAJNNNE,C101 C910,
C326734,1,Yageo RT0603BRD07150KL,R904,
C95204,1,Yageo RT0603BRD0710KL,R905,
C23203,1,UNI-ROYAL 0603WAF5603T5E,R907,
C191884,1,TI TPS54202DDCR,U101,
C29277,3,Samsung CL21A226MPQNNNE,C104 C105 C401,
C15850,2,Samsung CL21A106KAYNNNE,C201 C602,
C29936,2,Samsung CL10B105KA8NNNC,C203 C302,"generic: representative part for value/package, check before ordering"
C701341,1,Espressif ESP32-WROOM-32E-N4,U201,
C2979167,1,MYOUNG BS-07-A1BJ001,BT301,
C37208,1,BOOMELE 2.54-1x6P,J201,"generic: representative part for value/package, check before ordering"
C144395,1,JST B4B-XH-A(LF)(SN),J301,"generic: representative part for value/package, check before ordering"
C91145,1,HRO TF-01A (Korean Hroparts Elec),J401,
C5350871,4,TECH PUBLIC TPD2E2U06DCKR-TP,D301 D302 D501 D511,"second source: original out of stock, pin-compatible"
C70065,1,TECHFUSE nSMD010,F301,"generic: representative part for value/package, check before ordering"
C318884,2,XKB TS-1187A-B-A-B,SW201 SW202,
C25804,19,UNI-ROYAL 0603WAF1002T5E,R201 R202 R203 R207 R208 R209 R210 R211 R212 R306 R405 R406 R407 R408 R410 R714 R718 R724 R728,"generic: representative part for value/package, check before ordering"
C21190,8,UNI-ROYAL 0603WAF1001T5E,R204 R205 R206 R305 R307 R503 R513 R712,
C23162,2,UNI-ROYAL 0603WAF4701T5E,R301 R302,"generic: representative part for value/package, check before ordering"
C23140,9,UNI-ROYAL 0603WAF330JT5E,R303 R304 R401 R402 R403 R404 R501 R511 R521,"generic: representative part for value/package, check before ordering"
C25803,7,UNI-ROYAL 0603WAF1003T5E,R101 R502 R512 R522 R602 R713 R723,
C22859,3,UNI-ROYAL 0603WAF100JT5E,R601 R711 R721,"generic: representative part for value/package, check before ordering"
C105579,3,Yageo RC0603FR-0747KL,R703 R906 R908,
C25814,2,UNI-ROYAL 0603WAF3163T5E,R717 R727,"generic: representative part for value/package, check before ordering"
C13167,1,UNI-ROYAL 0603WAF2701T5E,R722,"generic: representative part for value/package, check before ordering"
C20917,2,AOS AO3400A,Q501 Q511,
C37130,1,AOS AO3422,Q521,
C3099,3,Littelfuse 0451001.MRL,F501 F511 F521,
C466970,3,DORABO DB125-3.5-2P-GN-S,J302 J521 J601,
C2757925,2,DORABO DB125-3.5-4P-GN-S,J501 J511,
C145537,1,onsemi NTMFS5C628NLT1G,Q601,
C185857,1,TI UCC27524ADR,U601,
C7666,1,TI SN74LVC1G08DBVR,U700,
C3192318,2,Diodes AL8853S-13,U710 U720,
C2041872,1,Bourns SRP1770TA-470M,L711,
C840530,1,Bourns SRP1265A-470M,L721,
C28323,2,Samsung CL21B105KBFNNNE,C711 C721,
C14858,4,Samsung CL10C101JB8NNNC,C712 C713 C722 C723,"generic: representative part for value/package, check before ordering"
C64705,2,Samsung CL10B224KB8NNNC,C714 C724,"generic: representative part for value/package, check before ordering"
C576517,7,Murata GRM32EC72A106KE05L,C716 C717 C718 C719 C726 C727 C728,
C19633795,1,UNI-ROYAL LR123WF270MT4E,R715,
C48533605,1,FOJAN FRM252WFR180TM,R716,
C52015951,1,RVR HIXD25NR047F,R725,
C22464907,1,TA-I RLH12FTCR430,R726,
C178982,1,Littelfuse 045106.3MRL,F711,
C13982,2,Littelfuse 0451003.MRL,F721 F904,
C8465,3,KANGNEX WJ500V-5.08-2P,J711 J721 J731,
C31850,1,UNI-ROYAL 0603WAF2202T5E,R102,
C7440,1,"NXP PCF8563T/5,518",U301,
C32346,1,"Epson Q13FC13500004 (FC-135 32.768 kHz, CL 12.5 pF, +/-20 ppm)",Y301,
C1647,1,Samsung CL10C180JB8NNNC,C304,
C68970,1,JSCJ BAV170,D303,
C485687,2,AOS AOD66923,Q711 Q721,
C46986,2,Vishay SS5P10-M3/86A,D711 D721,
C167223,1,cjiang FXL0630-100-M,L101,
C53190553,1,PROD Tech PSPMAA0604-220M-ANP,L902,
