Line,Designators,Value,MPN,Manufacturer,LCSC,Need,Order qty (LCSC min/multiple),Unit USD,Order USD,Note
1,BT301,CR2032 / NO CHARGE,BS-07-A1BJ001,MYOUNG,C2979167,1,5,0.3983,1.9915,
2,BT301,CR2032 cell,CR2032,,,1,,,,no price in the V1 snapshot: check on LCSC
8,C304,18p 50V C0G,CL10C180JB8NNNC,Samsung,C1647,1,50,0.0159,0.795,
12,C712 C713 C722 C723,100p,CL10C101JB8NNNC,Samsung,C14858,4,50,0.0087,0.435,
13,C714 C724,220n,CL10B224KB8NNNC,Samsung,C64705,2,50,0.0183,0.915,
14,C716 C717 C718 C719 C726 C727 C728,10u 100V X7S,GRM32EC72A106KE05L,Murata,C576517,7,7,0.5519,3.8633,
17,D301 D302 D501 D511,TPD2E2U06DCKR,TPD2E2U06DCKR-TP,TECH PUBLIC,C5350871,4,5,0.1131,0.5655,
18,D303,BAV170,BAV170,JSCJ,C68970,1,20,0.0301,0.602,
20,D601 D901,SMBJ26CA-E3/52,SMBJ26CA-E3/52,Vishay,C515606,2,5,0.1036,0.518,
22,F301,PTC 0.10A / >=16V,nSMD010,TECHFUSE,C70065,1,20,0.0307,0.614,
23,F501 F511 F521,1A / 0451001.MRL,0451001.MRL,Littelfuse,C3099,3,5,0.2536,1.268,
24,F711,6.3A / 045106.3MRL,045106.3MRL,Littelfuse,C178982,1,5,0.2477,1.2385,
25,F721 F904,3A / 0451003.MRL,0451003.MRL,Littelfuse,C13982,2,5,0.2556,1.278,
26,F902,10A mini blade (ATM),XF-508P-B-B,XFCN,C19727305,1,5,0.2775,1.3875,
27,F902 insert,"Littelfuse 0297010.WXNV, 10 A mini blade fuse",0297010.WXNV,Littelfuse,,1,5,0.1236,0.618,
28,J201,UART / 3V3 logic,2.54-1x6P,BOOMELE,C37208,1,10,0.0419,0.419,
31,J401,HRO TF-01A,TF-01A,Korean Hroparts Elec,C91145,1,5,0.1937,0.9685,
38,L101,4.7u FXL0630-4R7-M,FXL0630-4R7-M,cjiang,C167220,1,5,0.1695,0.8475,price borrowed from FXL0630-100-M (same series)
40,L721,47u SRP1265A-470M,SRP1265A-470M,Bourns,C840530,1,1,1.1226,1.1226,
41,L902,22u PSPMAA0604-220M,PSPMAA0604-220M-ANP,PROD Tech,C53190553,1,5,0.1242,0.621,
42,Q501 Q511,AO3400A,AO3400A,AOS,C20917,2,5,0.0853,0.4265,
43,Q521,AO3422,AO3422,AOS,C37130,1,5,0.1356,0.678,
47,R102,31.6k 1%,0603WAF3162T5E,UNI-ROYAL,,1,100,0.0025,0.25,price borrowed from 0603WAF3163T5E (same series); verify MPN on LCSC
51,R303 R304 R401 R402 R403 R404 R501 R511 R521,33,0603WAF330JT5E,UNI-ROYAL,C23140,9,100,0.0025,0.25,
54,R715,0.027 1% >=1W,LR123WF270MT4E,UNI-ROYAL,C19633795,1,1,0.1011,0.1011,
55,R716,0.18 1% 2W 50ppm,FRM252WFR180TM,FOJAN,C48533605,1,10,0.0722,0.722,
56,R717 R727,316k 1%,0603WAF3163T5E,UNI-ROYAL,C25814,2,100,0.0025,0.25,
58,R722,2.7k 1%,0603WAF2701T5E,UNI-ROYAL,C13167,1,100,0.0033,0.33,
59,R725,0.047 1% >=1W,HIXD25NR047F,RVR,C52015951,1,10,0.0495,0.495,
60,R726,0.43 1% >=0.25W,RLH12FTCR430,TA-I,C22464907,1,20,0.027,0.54,
61,R904,88.7k 0.1%,RT0603BRD0788K7L,Yageo,,1,20,0.033,0.66,price borrowed from RT0603BRD0710KL (same series); verify MPN on LCSC
62,R905,10k 0.1%,RT0603BRD0710KL,Yageo,C95204,1,20,0.033,0.66,
63,R907,470k 1%,0603WAF4703T5E,UNI-ROYAL,,1,100,0.0025,0.25,price borrowed from 0603WAF3163T5E (same series)
67,U201,ESP32-WROOM-32E-N4,ESP32-WROOM-32E-N4,Espressif,C701341,1,1,3.7644,3.7644,
68,U301,PCF8563T/5,"PCF8563T/5,518",NXP,C7440,1,1,0.6138,0.6138,
70,U700,SN74LVC1G08DBVR,SN74LVC1G08DBVR,TI,C7666,1,10,0.0496,0.496,
71,U710 U720,AL8853S-13,AL8853S-13,Diodes,C3192318,2,2,0.9392,1.8784,
73,Y301,32.768k 12.5pF,Q13FC13500004,Epson,C32346,1,5,0.1733,0.8665,
