id,название,номинал,корпус,MPN,производитель,LCSC,остаток,архив,примечание
22,DC/DC преобразователь инвертирующий Ćuk,"2,7–14 В, 1,4 МГц, 0,9 А",SOT-23-5 (DBV),LM2611BMF/NOPB,Texas Instruments,C2070646,3,0,Инвертирующий DC/DC; регулируемый отрицательный выход; Grade B; маркировка корпуса S40B; −40…+125 °C
40,DC/DC преобразователь повышающий (Boost),"0,5–5 В → 1,5–5,25 В, 550 мА, 2 МГц",DFN-6-EP (2×2 мм),LTC3526LBEDC-2#TRMPBF,Analog Devices / Linear Technology,,2,0,Synchronous Boost; Low-Noise PWM; Output Disconnect; Soft-Start; КПД до 94%; −40…+85 °C
35,DC/DC преобразователь повышающий (Boost),"1,6–6 В → до 17 В, 1,2 МГц, 1,1 А","WSON-10-EP (2,5 × 2,5 мм), DSK",TPS61093DSKR,Texas Instruments,C60707,2,0,Boost; встроенный силовой диод и isolation FET; Soft Start; Output Disconnect; OVP/OCP; маркировка OAP
43,DC/DC преобразователь понижающий (Buck),"4,75–24 В → 0,81–15 В, 1,2 А, 1,4 МГц",SOT-26 (SOT-23-6),AP5100WG-7,Diodes Incorporated,C114647,7,0,Step-Down; встроенный MOSFET; регулируемый выход; OCP; Thermal Shutdown; маркировка корпуса AJ
26,DC/DC преобразователь понижающий (Buck),"5,5–48 В, 3 А, 850 кГц","PowerSO-8 / HSOP8, exposed pad",ST1S14PHR,STMicroelectronics,C84130,3,0,"Step-Down; регулируемый выход от 1,22 В; встроенный N-MOSFET; Power Good; Soft Start; защита по току"
64,Flash-память DataFlash SPI,"64 Мбит (8 МБ), 1,7–3,6 В",SOIC-8 (208 mil),AT45DB641E-SHN,Adesto Technologies / Renesas,,1,0,DataFlash; SPI; 64 Mbit; до 85 МГц; 2 SRAM-буфера; −40…+85 °C
53,MOSFET N-канальный,"30 В, 8 А, RDS(on) ≤ 21 мОм",PowerPAK TSOP-6,Si3476DV,Vishay Siliconix,,4,0,"N-Channel MOSFET; TrenchFET; RDS(on) ≤21 мОм @ VGS 4,5 В; Logic Level"
76,MOSFET N-канальный,"30 В, Dual N-Channel",DFN 5×6 мм / DFN-8,AON6994,Alpha & Omega Semiconductor (AOS),,20,0,Dual N-Channel MOSFET; низкий RDS(on); Power DFN 5×6; предназначен для DC/DC и силовых ключей
78,MOSFET N-канальный THT,"55 В, 104 А",TO-220AB (THT),IRL2505,,,1,0,N-Channel Logic-Level MOSFET; RDS(on) ≤ 8 мΩ @ VGS=10 В; управление от логического уровня; выводы G-D-S
69,MOSFET N-канальный THT,"60 В, 200 мА",TO-92 (THT),2N7000,,,18,0,N-Channel MOSFET; RDS(on) тип. ~2–5 Ω; малосигнальный; распиновку G-S-D проверять по конкретному производителю
112,MOSFET N-канальный силовой,"100 В, 44 А",PG-TDSON-8 / SuperSO8,BSC146N10LS5,Infineon Technologies,,2,0,"OptiMOS 5; Logic Level; маркировка 146N10LS; RDS(on) ≤14,6 мΩ @ VGS=10 В; ≤20,8 мΩ @ 4,5 В; промышленное применение"
111,MOSFET N-канальный силовой,"25 В, до 100 А (ограничение корпуса)",VSON-CLIP-8 / SON 5×6 мм (DNK),CSD16570Q5B,Texas Instruments,,3,0,"NexFET; Logic Level; RDS(on) ≤0,59 мΩ @10 В, ≤0,82 мΩ @4,5 В; маркировка CSD16570 / TI / 290 — последние символы являются производственным кодом. Предназначен прежде всего для ORing/Hot-Swap."
77,MOSFET P-канальный,"−20 В, до −30 А",DFN 5×6 / 8-DFN EP,AON6411,Alpha & Omega Semiconductor (AOS),,3,0,P-Channel Power MOSFET; маркировка 6411; BA3G11 — вероятно код партии/производства; низкий RDS(on)
24,MOSFET P-канальный,"−20 В, −6,9 А, 32 мΩ",TSOP-6,IRLTS2242PBF,Infineon / International Rectifier,C538190,10,0,"P-Channel; Logic Level; RDS(on) 32 мΩ @ −4,5 В; ±12 В VGS; 2 Вт; −55…+150 °C"
27,"Step-Down; регулируемый выход от 1,22 В; встроенный N-MOSFET; Power Good; Soft Start; защита по току","2,5–18 В, 3 А, 900 кГц",PowerSO-8 / SOIC-8-EP,ST1S10PHR,STMicroelectronics,C11175,4,0,"Synchronous Step-Down; Vout от 0,8 В; 3 А; 900 кГц, синхронизация 400 кГц–1,2 МГц; Soft Start"
17,TVS-диод SMD,"18 В, 600 Вт, unidirectional",SMB (DO-214AA),SMB18A,,,2,0,"TVS, однонаправленный, VRWM 18 В, защита от импульсных перенапряжений"
19,TVS-диод SMD,"36 В, 600 Вт, unidirectional",SMB (DO-214AA),SMBJ36A,,,2,0,"TVS; VRWM 36 В; VBR ≈ 40–44,2 В; однонаправленный"
18,TVS-диод SMD,"5 В, 600 Вт, unidirectional",SMB (DO-214AA),SMBJ5.0A-TP,MCC (Micro Commercial Components),,4,0,"TVS; VRWM 5 В; VBR 6,4–7,0 В; однонаправленный; -TP = Tape & Reel"
92,Гнездовая планка 1×15 Female Header,"15 контактов, шаг 2,54 мм","THT, 1×15P, прямой",Female Header 1×15 2.54mm,,,2,0,"Однорядная гнездовая планка; 15P; шаг 2,54 мм; прямой монтаж THT; Female Socket Header"
30,Датчик Холла,"1,6–3,5 В, ±4 мТ",SOT-23-3,S-5712CCDL1-M3T1U,ABLIC,C2152425,4,0,Omnipolar Hall Switch; CMOS Push-Pull; N/S pole; Iout max 1 мА; −40…+85 °C
79,Держатель аккумулятора 18650 SMT,"1×18650, 3,7 В",SMT / SMD Battery Holder,,,,4,0,"Держатель для одного Li-Ion аккумулятора 18650; поверхностный монтаж SMT; 2 контакта; номинальное напряжение аккумулятора 3,7 В"
8,Диод SBR выпрямительный,"100 В, 15 А",PowerDI-5,SBRT15U100SP5,Diodes Incorporated,C2934601 (ДЛЯ SBRT15U100SP5-13,5,0,"Trench Super Barrier Rectifier, Vf max 0,7 В @ 15 А, AEC-Q101, −65…+150 °C"
32,Диод Шоттки SMD,"30 В, 1 А",SOD-123,MBR130T1G,onsemi,C82461,6,0,"Schottky Barrier Rectifier; Vf max 0,47 В @ 1 А; маркировка S3; −65…+125 °C"
113,Диод Шоттки SMD,"45 В, 10 А",SMC (DO-214AB),SS1045,,,1,0,"Schottky Barrier Rectifier; 45 V; 10 A; Vf ≈ 0,55 В @ 10 А; маркировка SS1045"
46,Диод Шоттки SMD,"60 В, 1 А",SMB (DO-214AA),B160B-13-F,Diodes Incorporated,C154890,1,0,Schottky Barrier Rectifier; VRRM 60 В; IF 1 А; -13 = Tape & Reel; Green / Lead-Free
20,Диод Шоттки SMD,"60 В, 5 А",SMC (DO-214AB),SS56,,,45,0,Schottky Barrier Rectifier; VRRM 60 В; IF 5 А; корпус SMC
16,Диод выпрямительный SMD,"50 В, 1 А",SMA (DO-214AC),S1A,,,4,0,"Standard Rectifier, VRRM 50 В, IF 1 А"
36,Диод переключающий двойной SMD,"75–100 В, 215 мА",SOT-23,BAV99,,,7,0,Dual Series Switching Diode; 2 диода последовательно; trr ≤ 4 нс; типовая маркировка A7
11,Драйвер затвора MOSFET/IGBT,"2 канала, 6–20 В, 2.3 А source / 3.3 А sink",SOIC-8,IRS4427S / IRS4427STRPBF,Infineon / International Rectifier,,10,0,Маркировка S4427; Dual Low-Side Gate Driver; non-inverting
12,Дроссель силовой,"47 мкГн, 15 А",THT,,Feryster,,1,0,"Силовой дроссель, 47 µH, 15 A"
48,Дроссель силовой SMD,"1 мкГн, ±20%, 3,1 А","1008 (2520), 2,5 × 2,0 × 1,2 мм",MAMK2520H1R0M,Taiyo Yuden,,13,0,"Shielded; Isat typ. 4,8 А; Isat max-spec 4,3 А; DCR ≤45 мОм; −40…+125 °C"
49,Дроссель силовой SMD,"10 мкГн, ±20%, 1,2 А","1239 / 3,2 × 3,2 × 1,0 мм",1239AS-H-100M=P2,Murata,,9,0,Силовой экранированный дроссель; серия 1239AS-H; DCR ≈ 216 мОм; для DC/DC преобразователей
31,Дроссель силовой SMD,"2,2 мкГн, ±20%, 2,3 А","1008 (2520), 2,5 × 2,0 × 1,2 мм",SRN2512-2R2M,Bourns,C2041574,2,0,"Semi-shielded; Isat 2,7 А; DCR max 102 мОм; −55…+125 °C"
85,Клеммник PCB 10-контактный,"10 контактов, провод до 1,5 мм²","THT, шаг 3,5 мм",FS1.5-10-350-2601R,,,2,0,"10P; шаг 3,5 мм; серия FS1.5 / 2601R; серый; PCB Terminal Block"
86,Клеммник PCB 2-контактный,"2 контакта, провод до 1,5 мм²",THT,FS1.5-02-350-2601R,,,7,0,"2P; шаг 3,5 мм; серия FS1.5 / 2601R; серый; PCB Terminal Block"
93,Клеммник винтовой PCB 2-контактный,"2 контакта, шаг 5,0 мм","THT, 2P",KF301-5.0-2P,,,31,0,"Screw Terminal Block; 2P; шаг 5,0 мм; винтовой зажим; прямой ввод провода; монтаж на PCB; серия KF301"
94,Клеммник винтовой PCB 3-контактный,"3 контакта, шаг 5,0 мм","THT, 3P",KF301-5.0-3P,,,7,0,"Screw Terminal Block; 3P; шаг 5,0 мм; винтовой зажим; прямой ввод провода; монтаж на PCB; серия KF301"
91,Клеммник пружинный PCB 2-контактный,"2 контакта, шаг 5,08 мм","THT, 2P",KF142V-5.08-2P,,,5,0,"Screwless Push-in Terminal Block; пружинный безвинтовой клеммник; 2P; шаг 5,08 мм; прямой ввод провода; монтаж на PCB"
89,Клеммник пружинный SMT 2-контактный,"2 контакта, шаг 4,0 мм","SMT / SMD, горизонтальный, 2P",2060 2P-4.0mm,,,1,0,"Push-in / Quick Wiring Terminal; 2P; шаг 4,0 мм; горизонтальный ввод провода; поверхностный монтаж SMT; серия 2060; для PCB/LED плат"
42,Конденсатор керамический SMD MLCC,"10 мкФ, 16 В, ±10%, X5R",0603 (1608),,,,18,0,MLCC; X5R; 10 µF; 16 V; ±10%; обозначение поставщика 10UX5R10P16V0603
58,Конденсатор керамический SMD MLCC,"10 мкФ, 16 В, ±10%, X5R",0805 (2012),,,,7,0,MLCC; X5R; 10 µF; 16 V; ±10%; обозначение поставщика 10UX5R10P16V0805
6,Конденсатор керамический SMD MLCC,"10 мкФ, 35 В, ±10%, X5R",1210 (3225),CL32A106KLULNNE,Samsung Electro-Mechanics,C2980162,8,0,"−55…+85 °C, толщина 1,8 ±0,2 мм"
45,Конденсатор керамический SMD MLCC,"10 мкФ, 35 В, ±10%, X7R",1210 (3225),CL32B106KLULNNE,Samsung Electro-Mechanics,C2980163,2,0,"X7R; −55…+125 °C; размер 3,2 × 2,5 мм; толщина 1,8 мм"
15,Конденсатор керамический SMD MLCC,"10 мкФ, 50 В, ±10%, X5R",1206 (3216),10UX5R10P50V1206,,,5,0,MLCC; X5R; 10 µF; 50 V; ±10%; маркировка поставщика
44,Конденсатор керамический SMD MLCC,"10 мкФ, 50 В, ±10%, X7R",1210 (3225),,,,2,0,MLCC; X7R; 10 µF; 50 V; ±10%; обозначение поставщика 10UX7R10P50V1210
47,Конденсатор керамический SMD MLCC,"10 мкФ, 50 В, ±10%, X7R",1210 (3225),CL32B106KBJNNNE,Samsung Electro-Mechanics,C92388,6,0,"X7R; −55…+125 °C; MLCC; размер 3,2 × 2,5 мм"
5,Конденсатор керамический SMD MLCC,"100 нФ, 100 В, ±10%, X7R",0805 (2012),KAF21KR72A104KL,KYOCERA AVX,,25,0,"Automotive, AEC-Q200, FLEXITERM (гибкая терминация), −55…+125 °C"
54,Конденсатор керамический SMD MLCC,"100 нФ, 50 В, ±10%, X7R",0603 (1608),CL10B104KB8NNNC,Samsung Electro-Mechanics,C14663,23,0,"X7R; 0,1 мкФ; −55…+125 °C; General Purpose MLCC"
50,Конденсатор керамический SMD MLCC,"100 нФ, 50 В, ±10%, X7R",1206 (3216),,,,5,0,MLCC; X7R; 100 nF; 50 V; ±10%; обозначение поставщика 100NX7R10P50V1206
57,Конденсатор керамический SMD MLCC,"2,2 мкФ, 16 В, ±10%, X5R",0805 (2012),CL21A225KOFNNNE,Samsung Electro-Mechanics,,18,0,"X5R; −55…+85 °C; General Purpose MLCC; 2,0 × 1,25 мм"
3,Конденсатор керамический SMD MLCC,"2,2 мкФ, 50 В, ±10%, X7R",1206 (3216),12065C225KATM-HW,KYOCERA AVX,,9,0,−55…+125 °C; маркировка/суффикс M-HW требует уточнения
7,Конденсатор керамический SMD MLCC,"22 мкФ, 10 В, ±10%, X5R",0805 (2012),CL21A226KPCLRNC,Samsung Electro-Mechanics,C318688,9,0,"Low Profile, −55…+85 °C, толщина 0,85 ±0,10 мм"
4,Конденсатор керамический SMD MLCC,"4,7 мкФ, 10 В, ±10%, X7R",1210 (3225),CQ3225X7R475K10WRK,,,10,0,"X7R; код 475 = 4,7 мкФ; K = ±10%; 3225 = 1210. Точный производитель по MPN не найден"
2,Конденсатор керамический SMD MLCC,"4,7 мкФ, 100 В, ±10%, X7R",1210 (3225),CL32B475KCI6PJE,Samsung Electro-Mechanics,,12,0,"Automotive, AEC-Q200, Soft Termination, −55…+125 °C"
21,Конденсатор керамический SMD MLCC,"4,7 мкФ, 25 В, ±10%, X5R",0805 (2012),CL21A475KAQNNNG,Samsung Electro-Mechanics,C722528,17,0,"X5R, −55…+85 °C, размер 2,0 × 1,25 мм"
1,Конденсатор керамический SMD MLCC,"47 мкФ, 10 В, ±10%, X7R",1210 (3225),GRJ32ER71A476KE11L,Murata,,7,0,"Серия GRJ, Soft Termination, −55…+125 °C"
34,Конденсатор тантал-полимерный SMD,"22 мкФ, 6,3 В, ±20%","0805 (2012), Case S",F380J226MSA,KYOCERA AVX,,2,0,"Серия F38; Conductive Polymer; ESR 200 мОм @ 100 кГц; −55…+105 °C; 2,0 × 1,25 × 0,9 мм"
29,Конденсатор танталовый SMD,"1 мкФ, 20 В, ±10%",Case A / 1206 (3216),293D105X9020A2TE3,Vishay / Sprague,C2980146,5,0,"TANTAMOUNT 293D; ESR 8,4 Ω; molded; −55…+125 °C"
67,Конденсатор танталовый SMD,22 мкФ,Case C / 2312 (6032),,,,4,0,Маркировка 226 = 22 µF; C — вероятно корпус Case C; рабочее напряжение по этой маркировке не определяется; полярный
66,Конденсатор танталовый SMD,"4,7 мкФ",Case A / 1206 (3216),,,,5,0,"Маркировка 475 = 4,7 µF; A — вероятно код корпуса/серии. Рабочее напряжение по одной маркировке надёжно не определяется; полярный"
60,Конденсатор танталовый SMD,"47 мкФ, 6,3 В, ±20%",Case A / 1206 (3216),T491A476M006AT,KEMET,,9,0,Серия T491; MnO₂ Tantalum; полярный; Case A; −55…+125 °C
13,Конденсатор электролитический SMD,"470 мкФ, 63 В",SMD Aluminum Can,EEVFK1J471M,Panasonic,,1,0,Серия FK; Low ESR; 105 °C; полярный; ±20%
14,Конденсатор электролитический SMD,"820 мкФ, 25 В","SMD Aluminum Can, Ø10 × 10,2 мм",EEEFT1E821AP,Panasonic,,1,0,Серия FT; Low ESR; 105 °C; полярный
68,Контроллер USB Type-C PD / QC,"USB-C PD Sink, до 20 В",SOP-8,CH224K,WCH (Nanjing Qinheng Microelectronics),,3,0,"USB PD trigger-контроллер; поддержка PD3.0/2.0, QC и других протоколов; выбор выходного напряжения 5/9/12/15/20 В"
82,Лазерный датчик расстояния ToF,"до ~2 м, I²C",Модуль / Breakout Board,TOF200C / VL53L0X,STMicroelectronics VL53L0X,,1,0,Time-of-Flight лазерный дальномер; измерение расстояния ИК-лазером; интерфейс I²C; серия модулей TOF200C. Важно: продавцы под одним названием предлагают варианты VL6180X/VL53L0X/VL53L1X — конкретный сенсор нужно смотреть по выбранной версии
63,Логический элемент 2× AND (И),"2 канала, 2 входа, 1,65–5,5 В",US8 / VSSOP-8,NC7WZ08K8X,onsemi / Fairchild,C128377,2,0,TinyLogic UHS; Dual 2-Input AND Gate; CMOS; −40…+85 °C
83,Модуль ESP32-C3 Super Mini с антенной,"Wi-Fi 2,4 ГГц + Bluetooth 5 LE, 3,3 В",Модуль / Development Board,ESP32-C3 Super Mini,Espressif ESP32-C3,,1,0,32-bit RISC-V; Wi-Fi 802.11 b/g/n; Bluetooth 5 LE; USB Type-C; внешняя/встроенная антенна в зависимости от версии; компактная плата разработки
84,Модуль ESP32-CAM с антенной,"Wi-Fi 2,4 ГГц + Bluetooth, камера",Модуль / Development Board,ESP32-CAM / AI-Thinker,AI-Thinker,,1,0,ESP32; поддержка камеры OV2640; Wi-Fi 802.11 b/g/n; Bluetooth; слот microSD; разъём IPEX/U.FL для внешней антенны + PCB-антенна (зависит от версии)
81,Модуль зарядки Li-Ion TP4056 USB Type-C с защитой,"5 В вход, заряд до 1 А, 1S Li-Ion 3,7 В","Модуль / PCB, USB Type-C",TP4056 Type-C Protection Module,,,9,0,"Зарядка 1× Li-Ion/Li-Po (1S); конечное напряжение 4,2 В; ток до 1 А; USB-C; встроенная защита от переразряда, перезаряда и КЗ; контакты B+/B− и OUT+/OUT−"
80,Модуль измерения тока/напряжения INA228,"до 85 В, 20-bit ADC, I²C",Модуль / Breakout Board,INA228 Module,,,1,0,DC Current/Voltage/Power Monitor; INA228; измерение тока через шунт; Bus Voltage до 85 В; 20-bit ΔΣ ADC; интерфейс I²C; диапазон тока зависит от установленного на модуле шунта
98,Модуль солнечного зарядного устройства MPPT CN3791,"12 В, заряд Li-Ion, до ~4 А",Модуль / PCB,CN3791 MPPT Solar Charger V1.0 12V,,,4,0,DC-DC понижающий контроллер заряда с MPPT; предназначен для зарядки аккумулятора от солнечной панели; версия платы 12 V; ток заряда зависит от конфигурации/охлаждения модуля
23,Предохранитель самовосстанавливающийся PTC (PolySwitch),"50 мА hold, 150 мА trip, 30 В",SMD 1210 (3225),MICROSMD005F-2,Littelfuse / Raychem,,5,0,"Resettable PTC; PolySwitch; Ihold 0,05 А; Itrip 0,15 А; Vmax 30 В"
87,Разъём KF2510 4-контактный Male/Female,"4 контакта, шаг 2,54 мм",Wire-to-Board / 4P,KF2510 / KF2540 4P,,,9,0,"Комплект разъёма 4-pin; шаг 2,54 мм; Male + Female Housing + обжимные металлические контакты; совместим по форм-фактору с разъёмами вентиляторов CPU 4-pin"
88,Разъём PH2.0 угловой 2-контактный,"2 контакта, шаг 2,0 мм","THT, угловой 90°, 2P",PH2.0-2P Right Angle,,,7,0,"Угловой штыревой разъём (“Curved needle”); 2P; шаг 2,0 мм; Wire-to-Board; аналог форм-фактора JST-PH"
90,Разъём XH2.54 угловой 4-контактный,"4 контакта, шаг 2,54 мм","THT, угловой 90°, 4P",XH2.54-4P Right Angle,,,60,0,"Угловой штыревой разъём (“Curved needle”); 4P; шаг 2,54 мм; Wire-to-Board; совместимый форм-фактор XH"
62,Резистор SMD,"1 кОм, ±1%, 0,1 Вт",0603 (1608),RC0603FR-071KL,Yageo,C21190,14,0,Thick Film; F = ±1%; TCR ±100 ppm/°C; −55…+155 °C
28,Резистор SMD,"1,3 кОм, ±5%",0805 (2012),,,,2,0,1.3 kΩ; 5%; SMD 0805; маркировка/обозначение поставщика 1.3k5P0805
41,Резистор SMD,"10 Ом, ±5%",1206 (3216),,,,5,0,10 Ω; 5%; SMD 1206; обозначение поставщика 10R5P1206
59,Резистор SMD,"10 кОм, ±1%",0805 (2012),,,,19,0,10 kΩ; ±1%; SMD 0805; обозначение поставщика 10K08051P
70,Резистор SMD,"10 кОм, ±5%",0805 (2012),,,,85,0,10 kΩ; ±5%; SMD 0805; Thick Film
25,Резистор SMD,"10 кОм, ±5%, 0,1 Вт",0603 (1608),RC0603J10K,Faithful Link,,13,0,Чип-резистор; J = ±5%; −55…+155 °C
71,Резистор SMD,"100 Ом, ±5%",0805 (2012),,,,85,0,100 Ω; ±5%; SMD 0805; Thick Film
56,Резистор SMD,"100 Ом, ±5%",1206 (3216),,,,5,0,100 Ω; ±5%; SMD 1206; обозначение поставщика 100R5P1206
38,Резистор SMD,"100 Ом, ±5%, 0,1 Вт",0603 (1608),RC0603JR07100P,Yageo,,4,0,Thick Film; J = ±5%; серия RC; рабочая температура −55…+155 °C
55,Резистор SMD,"100 кОм, ±1%, 0,1 Вт",0603 (1608),RC0603FR-07100KL,Yageo,C14675,14,0,Thick Film; F = ±1%; TCR ±100 ppm/°C; −55…+155 °C
73,Резистор SMD,"100 кОм, ±5%",0805 (2012),,,,85,0,100 kΩ; ±5%; SMD 0805; Thick Film
74,Резистор SMD,"150 кОм, ±5%",0805 (2012),,,,85,0,150 kΩ; ±5%; SMD 0805; Thick Film
51,Резистор SMD,"2 кОм, ±5%",1206 (3216),,1206 (3216),,6,0,2 kΩ; ±5%; SMD 1206; обозначение поставщика 2K5P1206
72,Резистор SMD,"4,7 кОм, ±5%",0805 (2012),,,,85,0,4.7 kΩ; ±5%; SMD 0805; Thick Film
61,Резистор SMD,"47 кОм, ±1%",1206 (3216),,,,6,0,47 kΩ; ±1%; SMD 1206; обозначение поставщика 47K1P1206
39,Резистор SMD,"5,1 кОм, ±5%",1206 (3216),,,,5,0,5.1 kΩ; 5%; SMD 1206; обозначение поставщика 5.1K5P1206
65,Резистор SMD,"75 Ом, ±1%",0603 (1608),,,,6,0,75 Ω; ±1%; SMD 0603; обозначение поставщика 75R1P0603
52,Резистор-шунт SMD,"0,007 Ом (7 мОм), ±1%, 1 Вт",1206 (3216),MSMA1206R0070FCM,Viking Tech,,4,0,Current Sense Resistor; Metal Strip; R0070 = 7 мОм; F = ±1%; низкоомный шунт
75,Резистор-шунт SMD,"0,01 Ом (10 мОм), ±1%",1812 (4532),,,,50,0,Current Sense Shunt; 10 mΩ; ±1%; SMD 1812; маркировка обычно R010
10,Резистор-шунт SMD,"0,05 Ом (50 мОм)",1812 (4532),,,,9,0,"AliExpress, маркировка R050, Current Sense Resistor"
33,Секвенсор питания 4-канальный,"2,2–5,5 В, 4 канала",SNT-8A,S-77100A11-I8T1U4,ABLIC,,2,0,Power Sequencer; 4 канала; Reverse sequence; Comparator input; CMOS output; Active High; задержка задаётся внешним конденсатором; −40…+85 °C
95,Тактовая кнопка Tact Switch 6×6×10 мм,"SPST-NO, моментальная","THT / DIP, 4 Pin, 6×6×10 мм",6X6X10MM Tact Switch,,,15,0,Тактовая кнопка; 4 вывода; Normally Open (NO); размер основания 6×6 мм; высота кнопки 10 мм; вертикальное нажатие
96,Тактовая кнопка Tact Switch 6×6×13 мм,"SPST-NO, моментальная","THT / DIP, 4 Pin, 6×6×13 мм",6X6X13MM Tact Switch,,,5,0,Тактовая кнопка; 4 вывода; Normally Open (NO); основание 6×6 мм; высота кнопки 13 мм; вертикальное нажатие
9,Усилитель измерения тока,"Gain 20 В/В, −4…80 В",TSSOP-8 (PW),INA240A1QPW,Texas Instruments,,7,0,"Automotive, AEC-Q100, Enhanced PWM Rejection, питание 2,7–5,5 В, −40…+125 °C"
37,Ферритовая бусина SMD,"600 Ом @ 100 МГц, 1,5 А",1206 (3216),BLM31PG601SN1L,Murata,C16902,12,0,Ferrite Bead; DCR ≤80 мОм; ±25%; Power Line; −55…+125 °C
99,Электролитический конденсатор THT,1 мкФ 50 В ±20%,Radial / THT,,,,10,0,
103,Электролитический конденсатор THT,10 мкФ 25 В ±20%,Radial / THT,,,,10,0,
107,Электролитический конденсатор THT,100 мкФ 16 В ±20%,Radial / THT,,,,10,0,
100,Электролитический конденсатор THT,"2,2 мкФ 50 В ±20%",Radial / THT,,,,10,0,
104,Электролитический конденсатор THT,22 мкФ 25 В ±20%,Radial / THT,,,,10,0,
108,Электролитический конденсатор THT,220 мкФ 16 В ±20%,Radial / THT,,,,10,0,
101,Электролитический конденсатор THT,"3,3 мкФ 50 В ±20%",Radial / THT,,,,10,0,
105,Электролитический конденсатор THT,33 мкФ 25 В ±20%,Radial / THT,,,,10,0,
109,Электролитический конденсатор THT,330 мкФ 16 В ±20%,Radial / THT,,,,10,0,
102,Электролитический конденсатор THT,"4,7 мкФ 50 В ±20%",Radial / THT,,,,10,0,
106,Электролитический конденсатор THT,47 мкФ 25 В ±20%,Radial / THT,,,,10,0,
110,Электролитический конденсатор THT,470 мкФ 16 В ±20%,Radial / THT,,,,10,0,
97,Электромеханическое реле 3 В,"Катушка 3 VDC, контакты до 10 А","THT / PCB, 5 Pin",SRD-3VDC-SL-C,SONGLE,,5,0,SPDT (1 Form C); катушка 3 VDC; контакты COM/NO/NC; типично 10 A @ 250 VAC / 10 A @ 30 VDC; серия SRD; герметичный пластиковый корпус
