Line,Category,Designators,Qty per board,Value / function,Package,Mount,Manufacturer,MPN,LCSC Part Number,Part type,JLCPCB class,LCSC stock (snapshot),LCSC minimum,LCSC multiple,Order qty 1 board,Unit USD 1 board,Order USD 1 board,Order qty 5 boards,Unit USD 5 boards,Order USD 5 boards,Qty in BOM_LCSC file,LCSC page,Notes
1,IC / module,U101,1,TPS54202DDCR,SOT-23-6,SMD,TI,TPS54202DDCR,C191884,Exact MPN,Extended,745970,5,5,5,0.1742,0.8710,5,0.1742,0.8710,1,https://www.lcsc.com/product-detail/C191884.html,
2,IC / module,U201,1,ESP32-WROOM-32E-N4,ESP32-WROOM-32E_NoVias,SMD,Espressif,ESP32-WROOM-32E-N4,C701341,Exact MPN,Extended,11057,1,1,1,3.7644,3.7644,5,3.7644,18.8220,1,https://www.lcsc.com/product-detail/C701341.html,
3,IC / module,U301,1,PCF8563T/5,SOIC-8_3.9x4.9mm_P1.27mm,SMD,NXP,"PCF8563T/5,518",C7440,Exact MPN,Preferred extended,6501,1,1,1,0.6138,0.6138,5,0.6138,3.0690,1,https://www.lcsc.com/product-detail/C7440.html,"RTC, I2C 0x51; replaces DS3231MZ+TRL (firmware auto-detects either)"
4,IC / module,U601,1,UCC27524ADR,SOIC-8_3.9x4.9mm_P1.27mm,SMD,TI,UCC27524ADR,C185857,Exact MPN,Extended,23095,5,5,5,0.2783,1.3915,5,0.2783,1.3915,1,https://www.lcsc.com/product-detail/C185857.html,
5,IC / module,U700,1,SN74LVC1G08DBVR,SOT-23-5,SMD,TI,SN74LVC1G08DBVR,C7666,Exact MPN,Extended,136220,10,10,10,0.0496,0.4960,10,0.0496,0.4960,1,https://www.lcsc.com/product-detail/C7666.html,
6,IC / module,U710 U720,2,AL8853S-13,SOIC-8_3.9x4.9mm_P1.27mm,SMD,Diodes,AL8853S-13,C3192318,Exact MPN,Extended,3997,1,1,2,0.9392,1.8784,10,0.7339,7.3390,2,https://www.lcsc.com/product-detail/C3192318.html,
7,IC / module,U902,1,LMR16020PDDAR,SOIC-8-1EP_3.9x4.9mm_P1.27mm_EP2.95x4.9mm_Mask2.71x3.4mm,SMD,Texas Instruments,LMR16020PDDAR,C190006,Exact MPN,Extended,31361,1,1,1,0.8159,0.8159,5,0.8159,4.0795,1,https://www.lcsc.com/product-detail/C190006.html,
8,Transistor / MOSFET,Q501 Q511,2,AO3400A,SOT-23,SMD,AOS,AO3400A,C20917,Exact MPN,Basic,615115,5,5,5,0.0853,0.4265,10,0.0853,0.8530,2,https://www.lcsc.com/product-detail/C20917.html,
9,Transistor / MOSFET,Q521,1,AO3422,SOT-23,SMD,AOS,AO3422,C37130,Exact MPN,Extended,83755,5,5,5,0.1356,0.6780,5,0.1356,0.6780,1,https://www.lcsc.com/product-detail/C37130.html,
10,Transistor / MOSFET,Q601,1,NTMFS5C628NLT1G,ONSemi_SO-8FL_488AA,SMD,onsemi,NTMFS5C628NLT1G,C145537,Exact MPN,Extended,11731,1,1,1,0.7717,0.7717,5,0.7717,3.8585,1,https://www.lcsc.com/product-detail/C145537.html,
11,Transistor / MOSFET,Q711 Q721,2,AOD66923,TO-252-2_NMOS_S123_G4_D5,SMD,AOS,AOD66923,C485687,Exact MPN,Extended,23243,1,1,2,0.4343,0.8686,10,0.3853,3.8530,2,https://www.lcsc.com/product-detail/C485687.html,100 V DPAK; replaces CSD19534Q5A and CSD19538Q3A
12,Diode / TVS / ESD,D301 D302 D501 D511,4,TPD2E2U06DCKR,SOT-323_SC-70,SMD,TECH PUBLIC,TPD2E2U06DCKR-TP,C5350871,Second source,Extended,10405,5,5,5,0.1131,0.5655,20,0.1131,2.2620,4,https://www.lcsc.com/product-detail/C5350871.html,second source: the original part is out of stock; TI TPD2E2U06DCKR C1855726 has 0 in stock
13,Diode / TVS / ESD,D303,1,BAV170,SOT-23,SMD,JSCJ,BAV170,C68970,Exact MPN,Extended,1420,20,20,20,0.0301,0.6020,20,0.0301,0.6020,1,https://www.lcsc.com/product-detail/C68970.html,v0.21 RTC OR: low-leakage silicon common cathode diode; room-temperature specification only for selected JSCJ part
14,Diode / TVS / ESD,D521 D902,2,SS36-E3/57T,D_SMC,SMD,Vishay,SS36-E3/57T,C35722,Exact MPN,Preferred extended,1620,5,5,5,0.3327,1.6635,10,0.3327,3.3270,2,https://www.lcsc.com/product-detail/C35722.html,
15,Diode / TVS / ESD,D601 D901,2,SMBJ26CA-E3/52,D_SMB,SMD,Vishay,SMBJ26CA-E3/52,C515606,Exact MPN,Extended,13345,5,5,5,0.1036,0.5180,10,0.1036,1.0360,2,https://www.lcsc.com/product-detail/C515606.html,D601 moved from SMBJ30A to the input TVS part
16,Diode / TVS / ESD,D711 D721,2,SS5P10-M3/86A,Vishay_TO-277A_D_K1_A2,SMD,Vishay,SS5P10-M3/86A,C46986,Exact MPN,Extended,47525,5,5,5,0.2871,1.4355,10,0.2871,2.8710,2,https://www.lcsc.com/product-detail/C46986.html,100 V 5 A TO-277A; replaces STPS5H100B and STPS2H100AFY
17,Inductor,L101,1,10u FXL0630-100-M,L_Changjiang_FXL0630,SMD,cjiang,FXL0630-100-M,C167223,Exact MPN,Extended,230780,5,5,5,0.1695,0.8475,5,0.1695,0.8475,1,https://www.lcsc.com/product-detail/C167223.html,"10uH, DCR 68 mOhm max, Isat 4.9 A"
18,Inductor,L711,1,47u SRP1770TA-470M,L_Bourns_SRP1770TA_16.9x16.9mm,SMD,Bourns,SRP1770TA-470M,C2041872,Exact MPN,Extended,26,1,1,1,2.9304,2.9304,5,2.9304,14.6520,1,https://www.lcsc.com/product-detail/C2041872.html,
19,Inductor,L721,1,47u SRP1265A-470M,L_Bourns_SRP1265A,SMD,Bourns,SRP1265A-470M,C840530,Exact MPN,Extended,3889,1,1,1,1.1226,1.1226,5,1.1226,5.6130,1,https://www.lcsc.com/product-detail/C840530.html,
20,Inductor,L902,1,22u PSPMAA0604-220M,L_Changjiang_FXL0630,SMD,PROD Tech,PSPMAA0604-220M-ANP,C53190553,Exact MPN,Extended,3210,5,5,5,0.1242,0.6210,5,0.1242,0.6210,1,https://www.lcsc.com/product-detail/C53190553.html,"22uH, DCR 130 mOhm max, Isat 5 A (L -30 %), Irms 3.2 A"
21,Capacitor,C101 C910,2,22u 25V X7R,C_1210_3225Metric,SMD,Samsung,CL32B226KAJNNNE,C309062,Exact MPN,Extended,109029,1,1,2,0.3569,0.7138,10,0.2814,2.8140,2,https://www.lcsc.com/product-detail/C309062.html,C101 and C910 now explicitly select the same 22uF/25V X7R 1210; both on 12V aux.
22,Capacitor,C102 C103 C202 C301 C303 C402 C601 C700 C907 C908,10,100n 50V X7R,C_0603_1608Metric,SMD,Samsung,CL10B104KB8NNNC,C1591,Exact MPN,Extended,2779500,100,100,100,0.0085,0.8500,100,0.0085,0.8500,10,https://www.lcsc.com/product-detail/C1591.html,100n 50V X7R 0603 for every 100n 0603 position
23,Capacitor,C104 C105 C401,3,22u / 10V X5R,C_0805_2012Metric,SMD,Samsung Electro-Mechanics,CL21A226MPQNNNE,C29277,Exact MPN,Extended,723690,10,10,10,0.0824,0.8240,20,0.0824,1.6480,3,https://www.lcsc.com/product-detail/C29277.html,22u 10V X5R 0805; ~9.9uF each at 3.3 V (Samsung curve)
24,Capacitor,C201 C602,2,10u / 25V X5R,C_0805_2012Metric,SMD,Samsung Electro-Mechanics,CL21A106KAYNNNE,C15850,Exact MPN,Basic,878060,20,20,20,0.0798,1.5960,20,0.0798,1.5960,2,https://www.lcsc.com/product-detail/C15850.html,10u 25V X5R 0805; C602 >=1uF effective at 12.26 V (Samsung curve ~1.83uF typ.)
25,Capacitor,C203 C302,2,1u / 16V,C_0603_1608Metric,SMD,Samsung,CL10B105KA8NNNC,C29936,Equivalent allowed,Extended,784030,10,10,10,0.0178,0.1780,10,0.0178,0.1780,2,https://www.lcsc.com/product-detail/C29936.html,equivalent allowed: representative LCSC part for this value and package; 1u 25V X7R 0603 (JLC basic C15849 has 50 in stock)
26,Capacitor,C304,1,18p 50V C0G,C_0603_1608Metric,SMD,Samsung,CL10C180JB8NNNC,C1647,Exact MPN,Basic,167700,50,50,50,0.0159,0.7950,50,0.0159,0.7950,1,https://www.lcsc.com/product-detail/C1647.html,"18p 50V C0G 0603; PCF8563 OSCI load, value to be trimmed on the prototype"
27,Capacitor,C521 C710 C715 C725 C905 C906,6,10u 50V X7R,C_1210_3225Metric,SMD,Taiyo Yuden,UMK325AB7106KMHP,C386166,Exact MPN,Extended,172450,5,5,10,0.2929,2.9290,30,0.2929,8.7870,6,https://www.lcsc.com/product-detail/C386166.html,"X7R 50V 1210, AEC-Q200"
28,Capacitor,C711 C721,2,1u 50V X7R,C_0805_2012Metric,SMD,Samsung,CL21B105KBFNNNE,C28323,Exact MPN,Basic,450,10,10,10,0.0401,0.4010,10,0.0401,0.4010,2,https://www.lcsc.com/product-detail/C28323.html,
29,Capacitor,C712 C713 C722 C723,4,100p,C_0603_1608Metric,SMD,Samsung,CL10C101JB8NNNC,C14858,Equivalent allowed,Basic,1872450,50,50,50,0.0087,0.4350,50,0.0087,0.4350,4,https://www.lcsc.com/product-detail/C14858.html,equivalent allowed: representative LCSC part for this value and package; 100p C0G
30,Capacitor,C714 C724,2,220n,C_0603_1608Metric,SMD,Samsung,CL10B224KB8NNNC,C64705,Equivalent allowed,Extended,282250,50,50,50,0.0183,0.9150,50,0.0183,0.9150,2,https://www.lcsc.com/product-detail/C64705.html,equivalent allowed: representative LCSC part for this value and package
31,Capacitor,C716 C717 C718 C719 C726 C727 C728,7,10u 100V X7S,C_1210_3225Metric,SMD,Murata,GRM32EC72A106KE05L,C576517,Exact MPN,Extended,50172,1,1,7,0.5519,3.8633,35,0.4156,14.5460,7,https://www.lcsc.com/product-detail/C576517.html,"X7S 100V 1210; Murata DC-bias chart ~2.60uF at 49 V (model 2.55uF), 25 C"
32,Capacitor,C901,1,220u / 50V,CP_Elec_10x10.5,SMD,Panasonic,EEEFK1H221P,C178549,Exact MPN,Extended,1673,1,1,1,0.5157,0.5157,5,0.5157,2.5785,1,https://www.lcsc.com/product-detail/C178549.html,
33,Capacitor,C902,1,1u / 50V X7R,C_1210_3225Metric,SMD,Samsung Electro-Mechanics,CL32B105KBHNNNE,C40708,Exact MPN,Extended,13775,5,5,5,0.1312,0.6560,5,0.1312,0.6560,1,https://www.lcsc.com/product-detail/C40708.html,
34,Capacitor,C909,1,100u 25V polymer,CP_Elec_8x6.9,SMD,Panasonic,25SVPF100M,C136279,Exact MPN,Extended,549,1,1,1,0.8670,0.8670,5,0.8670,4.3350,1,https://www.lcsc.com/product-detail/C136279.html,
35,Resistor,R101 R502 R512 R522 R602 R713 R723,7,100k 1%,R_0603_1608Metric,SMD,UNI-ROYAL,0603WAF1003T5E,C25803,Exact MPN,Basic,16226700,100,100,100,0.0031,0.3100,100,0.0031,0.3100,7,https://www.lcsc.com/product-detail/C25803.html,
36,Resistor,R102,1,22k 1%,R_0603_1608Metric,SMD,UNI-ROYAL,0603WAF2202T5E,C31850,Exact MPN,Basic,2788100,100,100,100,0.0042,0.4200,100,0.0042,0.4200,1,https://www.lcsc.com/product-detail/C31850.html,List price; fetched 2026-09-29 for v0.18 replacement.
37,Resistor,R201 R202 R203 R207 R208 R209 R210 R211 R212 R306 R405 R406 R407 R408 R410 R714 R718 R724 R728,19,10k,R_0603_1608Metric,SMD,UNI-ROYAL,0603WAF1002T5E,C25804,Equivalent allowed,Basic,7300,100,100,100,0.0019,0.1900,100,0.0019,0.1900,19,https://www.lcsc.com/product-detail/C25804.html,equivalent allowed: representative LCSC part for this value and package; 10k 1%
38,Resistor,R204 R205 R206 R305 R307 R503 R513 R712,8,1k 1%,R_0603_1608Metric,SMD,UNI-ROYAL,0603WAF1001T5E,C21190,Exact MPN,Basic,5309700,100,100,100,0.0026,0.2600,100,0.0026,0.2600,8,https://www.lcsc.com/product-detail/C21190.html,1k 1%; R307 RTC battery resistor (v0.20)
39,Resistor,R301 R302,2,4.7k,R_0603_1608Metric,SMD,UNI-ROYAL,0603WAF4701T5E,C23162,Equivalent allowed,Basic,14113400,100,100,100,0.0028,0.2800,100,0.0028,0.2800,2,https://www.lcsc.com/product-detail/C23162.html,equivalent allowed: representative LCSC part for this value and package
40,Resistor,R303 R304 R401 R402 R403 R404 R501 R511 R521,9,33,R_0603_1608Metric,SMD,UNI-ROYAL,0603WAF330JT5E,C23140,Equivalent allowed,Basic,4219800,100,100,100,0.0025,0.2500,100,0.0025,0.2500,9,https://www.lcsc.com/product-detail/C23140.html,equivalent allowed: representative LCSC part for this value and package; 33R also for the three GPIO gate resistors
41,Resistor,R601 R711 R721,3,10R,R_0603_1608Metric,SMD,UNI-ROYAL,0603WAF100JT5E,C22859,Equivalent allowed,Basic,5345540,20,20,20,0.0032,0.0640,20,0.0032,0.0640,3,https://www.lcsc.com/product-detail/C22859.html,equivalent allowed: representative LCSC part for this value and package
42,Resistor,R703 R906 R908,3,47k 1%,R_0603_1608Metric,SMD,Yageo,RC0603FR-0747KL,C105579,Exact MPN,Extended,401700,100,100,100,0.0031,0.3100,100,0.0031,0.3100,3,https://www.lcsc.com/product-detail/C105579.html,R908 MPN from parts review; 47k also for R701-R703
43,Resistor,R715,1,0.027 1% >=1W,R_2512_6332Metric,SMD,UNI-ROYAL,LR123WF270MT4E,C19633795,Exact MPN,Extended,2550,1,1,1,0.1011,0.1011,5,0.1011,0.5055,1,https://www.lcsc.com/product-detail/C19633795.html,
44,Resistor,R716,1,0.18 1% 2W 50ppm,R_2512_6332Metric,SMD,FOJAN,FRM252WFR180TM,C48533605,Exact MPN,Extended,5270,10,10,10,0.0722,0.7220,10,0.0722,0.7220,1,https://www.lcsc.com/product-detail/C48533605.html,0.18 ohm option B selected since v0.17; same fitted shunt retained.
45,Resistor,R717 R727,2,316k 1%,R_0603_1608Metric,SMD,UNI-ROYAL,0603WAF3163T5E,C25814,Equivalent allowed,Extended,18600,100,100,100,0.0025,0.2500,100,0.0025,0.2500,2,https://www.lcsc.com/product-detail/C25814.html,equivalent allowed: representative LCSC part for this value and package
46,Resistor,R722,1,2.7k 1%,R_0603_1608Metric,SMD,UNI-ROYAL,0603WAF2701T5E,C13167,Equivalent allowed,Basic,910500,100,100,100,0.0033,0.3300,100,0.0033,0.3300,1,https://www.lcsc.com/product-detail/C13167.html,equivalent allowed: representative LCSC part for this value and package
47,Resistor,R725,1,0.047 1% >=1W,R_2512_6332Metric,SMD,RVR,HIXD25NR047F,C52015951,Exact MPN,Extended,2920,10,10,10,0.0495,0.4950,10,0.0495,0.4950,1,https://www.lcsc.com/product-detail/C52015951.html,
48,Resistor,R726,1,0.43 1% >=0.25W,R_1206_3216Metric,SMD,TA-I,RLH12FTCR430,C22464907,Exact MPN,Extended,2880,20,20,20,0.0270,0.5400,20,0.0270,0.5400,1,https://www.lcsc.com/product-detail/C22464907.html,
49,Resistor,R904,1,150k 0.1%,R_0603_1608Metric,SMD,Yageo,RT0603BRD07150KL,C326734,Exact MPN,Extended,8160,20,20,20,0.0437,0.8740,20,0.0437,0.8740,1,https://www.lcsc.com/product-detail/C326734.html,
50,Resistor,R905,1,10k 0.1%,R_0603_1608Metric,SMD,Yageo,RT0603BRD0710KL,C95204,Exact MPN,Extended,500000,20,20,20,0.0330,0.6600,20,0.0330,0.6600,1,https://www.lcsc.com/product-detail/C95204.html,
51,Resistor,R907,1,560k 1%,R_0603_1608Metric,SMD,UNI-ROYAL,0603WAF5603T5E,C23203,Exact MPN,Preferred extended,305800,100,100,100,0.0015,0.1500,100,0.0015,0.1500,1,https://www.lcsc.com/product-detail/C23203.html,
52,Fuse / holder,F301,1,PTC 0.10A / >=16V,Fuse_1206_3216Metric,SMD,TECHFUSE,nSMD010,C70065,Equivalent allowed,Extended,615080,20,20,20,0.0307,0.6140,20,0.0307,0.6140,1,https://www.lcsc.com/product-detail/C70065.html,equivalent allowed: representative LCSC part for this value and package; PTC 100mA 60V 1206
53,Fuse / holder,F501 F511 F521,3,1A / 0451001.MRL,Fuse_Littelfuse_451,SMD,Littelfuse,0451001.MRL,C3099,Exact MPN,Extended,9000,5,5,5,0.2536,1.2680,15,0.2536,3.8040,3,https://www.lcsc.com/product-detail/C3099.html,
54,Fuse / holder,F711,1,6.3A / 045106.3MRL,Fuse_Littelfuse_451,SMD,Littelfuse,045106.3MRL,C178982,Exact MPN,Extended,11960,5,5,5,0.2477,1.2385,5,0.2477,1.2385,1,https://www.lcsc.com/product-detail/C178982.html,
55,Fuse / holder,F721 F904,2,3A / 0451003.MRL,Fuse_Littelfuse_451,SMD,Littelfuse,0451003.MRL,C13982,Exact MPN,Extended,42105,5,5,5,0.2556,1.2780,10,0.2556,2.5560,2,https://www.lcsc.com/product-detail/C13982.html,F904 raised from 2A to 3A to share the F721 part
56,Fuse / holder,F902,1,10A mini blade (ATM),Fuseholder_Blade_Mini_XFCN_XF-508P,THT,XFCN,XF-508P-B-B,C19727305,Exact MPN,Extended,54730,5,5,5,0.2775,1.3875,5,0.2775,1.3875,1,https://www.lcsc.com/product-detail/C19727305.html,holder only
57,Connector,J201,1,UART / 3V3 logic,PinHeader_1x06_P2.54mm_Vertical,THT,BOOMELE,2.54-1x6P,C37208,Equivalent allowed,Extended,290350,10,10,10,0.0419,0.4190,10,0.0419,0.4190,1,https://www.lcsc.com/product-detail/C37208.html,equivalent allowed: representative LCSC part for this value and package
58,Connector,J301,1,SHT4x / XH 2.50,JST_XH_B4B-XH-A_1x04_P2.50mm_Vertical,THT,JST,B4B-XH-A,C144395,Equivalent allowed,Extended,91490,10,10,10,0.0622,0.6220,10,0.0622,0.6220,1,https://www.lcsc.com/product-detail/C144395.html,equivalent allowed: representative LCSC part for this value and package
59,Connector,J302 J521 J601,3,PTC + / switched - (3.5 mm),TerminalBlock_DORABO_DB125-3.5_1x02_P3.50mm_Horizontal,THT,DORABO,DB125-3.5-2P-GN-S,C466970,Exact MPN,Extended,14485,5,5,5,0.1832,0.9160,15,0.1832,2.7480,3,https://www.lcsc.com/product-detail/C466970.html,
60,Connector,J401,1,HRO TF-01A,microSD_HRO_TF-01A,SMD,Korean Hroparts Elec,TF-01A,C91145,Exact MPN,Extended,200050,5,5,5,0.1937,0.9685,5,0.1937,0.9685,1,https://www.lcsc.com/product-detail/C91145.html,"push-push microSD, card detect unused; list price (8 % promotion ignored)"
61,Connector,J501 J511,2,FAN1 / 3.5 mm,TerminalBlock_DORABO_DB125-3.5_1x04_P3.50mm_Horizontal,THT,DORABO,DB125-3.5-4P-GN-S,C2757925,Exact MPN,Extended,45010,5,5,5,0.4026,2.0130,10,0.4026,4.0260,2,https://www.lcsc.com/product-detail/C2757925.html,
62,Connector,J711 J721 J731,3,LED +/- (return isolated),TerminalBlock_KANGNEX_WJ500V-5.08_1x02_P5.08mm_Horizontal,THT,KANGNEX,WJ500V-5.08-2P,C8465,Exact MPN,Extended,232665,5,5,5,0.1349,0.6745,15,0.1349,2.0235,3,https://www.lcsc.com/product-detail/C8465.html,
63,Connector,J901,1,XT60PW-M 24V IN,AMASS_XT60PW-M_1x02_P7.20mm_Horizontal,THT,Changzhou Amass,XT60PW-M,C98732,Exact MPN,Extended,0,1,1,1,0.6072,0.6072,5,0.6072,3.0360,,https://www.lcsc.com/product-detail/C98732.html,0 in stock at LCSC; buy elsewhere; JLCPCB parts library lists 8708 in stock (assembly service)
64,Switch,SW201 SW202,2,RESET,SW_Push_1P1T_XKB_TS-1187A,SMD,XKB Connection,TS-1187A-B-A-B,C318884,Exact MPN,Basic,377580,20,20,20,0.0207,0.4140,20,0.0207,0.4140,2,https://www.lcsc.com/product-detail/C318884.html,
65,Battery holder,BT301,1,CR2032 / NO CHARGE,BatteryHolder_MYOUNG_BS-07-A1BJ001_CR2032,THT,MYOUNG,BS-07-A1BJ001,C2979167,Exact MPN,Extended,1035,5,5,5,0.3983,1.9915,5,0.3983,1.9915,1,https://www.lcsc.com/product-detail/C2979167.html,holder only; mounted on the bottom side
66,Crystal,Y301,1,32.768k 12.5pF,Crystal_SMD_3215-2Pin_3.2x1.5mm,SMD,Epson,Q13FC13500004,C32346,Exact MPN,Basic,361175,5,5,5,0.1733,0.8665,5,0.1733,0.8665,1,https://www.lcsc.com/product-detail/C32346.html,
67,Extra,BT301,1,CR2032 cell,,Loose part,,CR2032 cell,,"Extra, not on schematic",,,,,,,,,,,,,no CR2032 cell found at LCSC on the snapshot date; buy locally
68,Extra,F902 insert,1,Littelfuse 0297010.WXNV,,Loose part,Littelfuse,0297010.WXNV,C151094,"Extra, not on schematic",,10290,5,5,5,0.1236,0.6180,5,0.1236,0.6180,1,https://www.lcsc.com/product-detail/C151094.html,
69,Capacitor,C106,1,100p DNP,C_0603_1608Metric,SMD,,,,Not fitted,,,,,,,,,,,,,not fitted
70,Net tie (copper only),NT711 NT712 NT721 NT722,4,net tie,NetTie-2_SMD_Pad0.5mm,SMD,,,,Not fitted,,,,,,,,,,,,,copper only: Kelvin taps at the LED-driver shunts
71,Test pad (copper only),TP101 TP102 TP103 TP301 TP901 TP902,6,test pad,TestPoint_Pad_D2.0mm,SMD,,,,Not fitted,,,,,,,,,,,,,copper pad only
