Quantity,LCSC Part Number,Manufacturer Part Number,Manufacturer,Description,Customer Part Number
5,C2979167,BS-07-A1BJ001,MYOUNG,CR2032 / NO CHARGE,BT301
50,C1647,CL10C180JB8NNNC,Samsung,18p 50V C0G,C304
50,C14858,CL10C101JB8NNNC,Samsung,100p,C712 C713 C722 C723
50,C64705,CL10B224KB8NNNC,Samsung,220n,C714 C724
7,C576517,GRM32EC72A106KE05L,Murata,10u 100V X7S,C716 C717 C718 C719 C726 C727 C728
5,C5350871,TPD2E2U06DCKR-TP,TECH PUBLIC,TPD2E2U06DCKR,D301 D302 D501 D511
20,C68970,BAV170,JSCJ,BAV170,D303
5,C515606,SMBJ26CA-E3/52,Vishay,SMBJ26CA-E3/52,D601 D901
20,C70065,nSMD010,TECHFUSE,PTC 0.10A / >=16V,F301
5,C3099,0451001.MRL,Littelfuse,1A / 0451001.MRL,F501 F511 F521
5,C178982,045106.3MRL,Littelfuse,6.3A / 045106.3MRL,F711
5,C13982,0451003.MRL,Littelfuse,3A / 0451003.MRL,F721 F904
5,C19727305,XF-508P-B-B,XFCN,10A mini blade (ATM),F902
5,C151094,0297010.WXNV,Littelfuse,"Littelfuse 0297010.WXNV, 10 A mini blade fuse",F902 insert
10,C37208,2.54-1x6P,BOOMELE,UART / 3V3 logic,J201
5,C91145,TF-01A,Korean Hroparts Elec,HRO TF-01A,J401
5,C167220,FXL0630-4R7-M,cjiang,4.7u FXL0630-4R7-M,L101
1,C840530,SRP1265A-470M,Bourns,47u SRP1265A-470M,L721
5,C53190553,PSPMAA0604-220M-ANP,PROD Tech,22u PSPMAA0604-220M,L902
5,C20917,AO3400A,AOS,AO3400A,Q501 Q511
5,C37130,AO3422,AOS,AO3422,Q521
100,C25967,0603WAF3162T5E,UNI-ROYAL,31.6k 1%,R102
100,C23140,0603WAF330JT5E,UNI-ROYAL,33,R303 R304 R401 R402 R403 R404 R501 R511 R521
1,C19633795,LR123WF270MT4E,UNI-ROYAL,0.027 1% >=1W,R715
5,C49164917,JER2512F3R120,JIERR,0.12 1% 3W 50ppm,R716
100,C25814,0603WAF3163T5E,UNI-ROYAL,316k 1%,R717 R727
100,C13167,0603WAF2701T5E,UNI-ROYAL,2.7k 1%,R722
10,C52015951,HIXD25NR047F,RVR,0.047 1% >=1W,R725
20,C22464907,RLH12FTCR430,TA-I,0.43 1% >=0.25W,R726
20,C728599,RT0603BRD0788K7L,Yageo,88.7k 0.1%,R904
20,C95204,RT0603BRD0710KL,Yageo,10k 0.1%,R905
100,C23178,0603WAF4703T5E,UNI-ROYAL,470k 1%,R907
1,C701341,ESP32-WROOM-32E-N4,Espressif,ESP32-WROOM-32E-N4,U201
1,C7440,"PCF8563T/5,518",NXP,PCF8563T/5,U301
5,C185857,UCC27524ADR,TI,UCC27524ADR,U601
10,C7666,SN74LVC1G08DBVR,TI,SN74LVC1G08DBVR,U700
2,C3192318,AL8853S-13,Diodes,AL8853S-13,U710 U720
5,C32346,Q13FC13500004,Epson,32.768k 12.5pF,Y301
