Line,Designators,Qty,Value,Footprint,Manufacturer,MPN,LCSC,Source,From stock,To buy,Stock note
1,BT301,1,CR2032 / NO CHARGE,BatteryHolder_MYOUNG_BS-07-A1BJ001_CR2032,MYOUNG,BS-07-A1BJ001,C2979167,buy,0,1,
2,BT301,1,CR2032 cell,,,CR2032,,buy,0,1,
3,C101 C602 C910,3,10u 35V X5R,C_1210_3225Metric,Samsung Electro-Mechanics,CL32A106KLULNNE,C2980162,stock:6,3,0,"id 6: 8 in stock, 3 used"
4,C102 C202 C301 C303 C402 C601 C700 C907 C908 C911,10,100n 50V X7R,C_0603_1608Metric,Samsung,CL10B104KB8NNNC,C1591,stock:54,10,0,"id 54: 23 in stock, 10 used"
5,C103 C203 C302,3,2.2u 16V X5R,C_0805_2012Metric,Samsung Electro-Mechanics,CL21A225KOFNNNE,,stock:57,3,0,"id 57: 18 in stock, 3 used"
6,C104 C105 C401,3,22u / 10V X5R,C_0805_2012Metric,Samsung Electro-Mechanics,CL21A226KPCLRNC,C318688,stock:7,3,0,"id 7: 9 in stock, 3 used"
7,C201,1,10u 16V X5R,C_0805_2012Metric,Samsung Electro-Mechanics,CL21A106KAYNNNE,C15850,stock:58,1,0,"id 58: 7 in stock, 1 used"
8,C304,1,18p 50V C0G,C_0603_1608Metric,Samsung,CL10C180JB8NNNC,C1647,buy,0,1,
9,C521,1,10u / 50V X7R,C_1210_3225Metric,Samsung Electro-Mechanics,CL32B106KBJNNNE,C92388,stock:47,1,0,"id 47: 6 in stock, 6 used (no spare)"
10,C710 C715 C725 C905 C906,5,10u 50V X7R,C_1210_3225Metric,Samsung Electro-Mechanics,CL32B106KBJNNNE,C92388,stock:47,5,0,"id 47: 6 in stock, 6 used (no spare)"
11,C711 C721 C902,3,2.2u 50V X7R,C_1206_3216Metric,KYOCERA AVX,12065C225KATM-HW,,stock:3,3,0,"id 3: 9 in stock, 3 used"
12,C712 C713 C722 C723,4,100p,C_0603_1608Metric,Samsung,CL10C101JB8NNNC,C14858,buy,0,4,
13,C714 C724,2,220n,C_0603_1608Metric,Samsung,CL10B224KB8NNNC,C64705,buy,0,2,
14,C716 C717 C718 C719 C726 C727 C728,7,10u 100V X7S,C_1210_3225Metric,Murata,GRM32EC72A106KE05L,C576517,buy,0,7,
15,C901,1,470u / 63V,CP_Elec_16x17.5,Panasonic,EEVFK1J471M,C178728,stock:13,1,0,"id 13: 1 in stock, 1 used (no spare)"
16,C909,1,820u 25V,CP_Elec_10x10.5,Panasonic,EEEFT1E821AP,C178593,stock:14,1,0,"id 14: 1 in stock, 1 used (no spare)"
17,D301 D302 D501 D511,4,TPD2E2U06DCKR,SOT-323_SC-70,TECH PUBLIC,TPD2E2U06DCKR-TP,C5350871,buy,0,4,
18,D303,1,BAV170,SOT-23,JSCJ,BAV170,C68970,buy,0,1,
19,D521 D902,2,SS56,D_SMC,,SS56,,stock:20,2,0,"id 20: 45 in stock, 2 used"
20,D601 D901,2,SMBJ26CA-E3/52,D_SMB,Vishay,SMBJ26CA-E3/52,C515606,buy,0,2,
21,D711 D721,2,SBRT15U100SP5,Diodes_PowerDI5,Diodes Incorporated,SBRT15U100SP5-13,C2934601,stock:8,2,0,"id 8: 5 in stock, 2 used"
22,F301,1,PTC 0.10A / >=16V,Fuse_1206_3216Metric,TECHFUSE,nSMD010,C70065,buy,0,1,
23,F501 F511 F521,3,1A / 0451001.MRL,Fuse_Littelfuse_451,Littelfuse,0451001.MRL,C3099,buy,0,3,
24,F711,1,6.3A / 045106.3MRL,Fuse_Littelfuse_451,Littelfuse,045106.3MRL,C178982,buy,0,1,
25,F721 F904,2,3A / 0451003.MRL,Fuse_Littelfuse_451,Littelfuse,0451003.MRL,C13982,buy,0,2,
26,F902,1,10A mini blade (ATM),Fuseholder_Blade_Mini_XFCN_XF-508P,XFCN,XF-508P-B-B,C19727305,buy,0,1,
27,F902 insert,1,"Littelfuse 0297010.WXNV, 10 A mini blade fuse",,Littelfuse,0297010.WXNV,C151094,buy,0,1,
28,J201,1,UART / 3V3 logic,PinHeader_1x06_P2.54mm_Vertical,BOOMELE,2.54-1x6P,C37208,buy,0,1,
29,J301,1,SHT4x / XH 2.50,JST_XH_S4B-XH-A_1x04_P2.50mm_Horizontal,,XH2.54-4P-90,,stock:90,1,0,"id 90: 60 in stock, 1 used"
30,J302,1,FLOAT / 3.5 mm,"TerminalBlock_Phoenix_PT-1,5-2-3.5-H_1x02_P3.50mm_Horizontal",,FS1.5-02-350-2601R,,stock:86,1,0,"id 86: 7 in stock, 3 used"
31,J401,1,HRO TF-01A,microSD_HRO_TF-01A,Korean Hroparts Elec,TF-01A,C91145,buy,0,1,
32,J501,1,FAN1 / 3.5 mm,Molex_KK-254_AE-6410-04A_1x04_P2.54mm_Vertical,,KF2510-4P,,stock:87,1,0,"id 87: 9 in stock, 2 used"
33,J511,1,FAN2 / 3.5 mm,Molex_KK-254_AE-6410-04A_1x04_P2.54mm_Vertical,,KF2510-4P,,stock:87,1,0,"id 87: 9 in stock, 2 used"
34,J521,1,PUMP 24V / 6W,"TerminalBlock_Phoenix_PT-1,5-2-3.5-H_1x02_P3.50mm_Horizontal",,FS1.5-02-350-2601R,,stock:86,1,0,"id 86: 7 in stock, 3 used"
35,J601,1,PTC + / switched - (3.5 mm),"TerminalBlock_Phoenix_PT-1,5-2-3.5-H_1x02_P3.50mm_Horizontal",,FS1.5-02-350-2601R,,stock:86,1,0,"id 86: 7 in stock, 3 used"
36,J711 J721 J731,3,LED +/- (return isolated),"TerminalBlock_Phoenix_MKDS-1,5-2_1x02_P5.00mm_Horizontal",,KF301-5.0-2P,,stock:93,3,0,"id 93: 31 in stock, 4 used"
37,J901,1,24V IN (KF301-5.0-2P),TerminalBlock_KF301_1x02_P5.00mm_Horizontal_Input,,KF301-5.0-2P,,stock:93,1,0,"id 93: 31 in stock, 4 used"
38,L101,1,4.7u FXL0630-4R7-M,L_Changjiang_FXL0630,cjiang,FXL0630-4R7-M,C167220,buy,0,1,
39,L711,1,47u DTMSS-27/0.047/15-V,L_Feryster_DTMSS-27_V,Feryster,DTMSS-27/0.047/15-V,,stock:12,1,0,"id 12: 1 in stock, 1 used (no spare)"
40,L721,1,47u SRP1265A-470M,L_Bourns_SRP1265A,Bourns,SRP1265A-470M,C840530,buy,0,1,
41,L902,1,22u PSPMAA0604-220M,L_Changjiang_FXL0630,PROD Tech,PSPMAA0604-220M-ANP,C53190553,buy,0,1,
42,Q501 Q511,2,AO3400A,SOT-23,AOS,AO3400A,C20917,buy,0,2,
43,Q521,1,AO3422,SOT-23,AOS,AO3422,C37130,buy,0,1,
44,Q601,1,IRL2505,TO-220-3_Vertical,,IRL2505,,stock:78,1,0,"id 78: 1 in stock, 1 used (no spare)"
45,Q711 Q721,2,BSC146N10LS5,TDSON-8-1,Infineon Technologies,BSC146N10LS5,,stock:112,2,0,"id 112: 2 in stock, 2 used (no spare)"
46,R101 R502 R512 R522 R602 R713 R723,7,100k 1%,R_0603_1608Metric,Yageo,RC0603FR-07100KL,C14675,stock:55,7,0,"id 55: 14 in stock, 7 used"
47,R102,1,31.6k 1%,R_0603_1608Metric,UNI-ROYAL,0603WAF3162T5E,C25967,buy,0,1,
48,R201 R202 R203 R207 R208 R209 R210 R211 R212 R306 R405 R406 R407 R408 R410 R714 R724,17,10k 5%,R_0805_2012Metric,UNI-ROYAL,0603WAF1002T5E,C25804,stock:70,17,0,"id 70: 85 in stock, 17 used"
49,R204 R205 R206 R305 R307 R503 R513 R712,8,1k 1%,R_0603_1608Metric,Yageo,RC0603FR-071KL,C21190,stock:62,8,0,"id 62: 14 in stock, 8 used"
50,R301 R302,2,4.7k 5%,R_0805_2012Metric,UNI-ROYAL,0603WAF4701T5E,C23162,stock:72,2,0,"id 72: 85 in stock, 2 used"
51,R303 R304 R401 R402 R403 R404 R501 R511 R521,9,33,R_0603_1608Metric,UNI-ROYAL,0603WAF330JT5E,C23140,buy,0,9,
52,R601 R711 R721,3,10R 5%,R_1206_3216Metric,UNI-ROYAL,0603WAF100JT5E,C22859,stock:41,3,0,"id 41: 5 in stock, 3 used"
53,R703 R908,2,47k 1%,R_1206_3216Metric,Yageo,RC0603FR-0747KL,C105579,stock:61,2,0,"id 61: 6 in stock, 2 used"
54,R715,1,0.027 1% >=1W,R_2512_6332Metric,UNI-ROYAL,LR123WF270MT4E,C19633795,buy,0,1,
55,R716,1,0.12 1% 3W 50ppm,R_2512_6332Metric,JIERR,JER2512F3R120,C49164917,buy,0,1,
56,R717 R727,2,316k 1%,R_0603_1608Metric,UNI-ROYAL,0603WAF3163T5E,C25814,buy,0,2,
57,R718 R728,2,10k 1%,R_0805_2012Metric,UNI-ROYAL,0603WAF1002T5E,C25804,stock:59,2,0,"id 59: 19 in stock, 2 used"
58,R722,1,2.7k 1%,R_0603_1608Metric,UNI-ROYAL,0603WAF2701T5E,C13167,buy,0,1,
59,R725,1,0.047 1% >=1W,R_2512_6332Metric,RVR,HIXD25NR047F,C52015951,buy,0,1,
60,R726,1,0.43 1% >=0.25W,R_1206_3216Metric,TA-I,RLH12FTCR430,C22464907,buy,0,1,
61,R904,1,88.7k 0.1%,R_0603_1608Metric,Yageo,RT0603BRD0788K7L,C728599,buy,0,1,
62,R905,1,10k 0.1%,R_0603_1608Metric,Yageo,RT0603BRD0710KL,C95204,buy,0,1,
63,R907,1,470k 1%,R_0603_1608Metric,UNI-ROYAL,0603WAF4703T5E,C23178,buy,0,1,
64,SW201,1,RESET,SW_PUSH_6mm_H9.5mm,,6X6X10MM Tact Switch,,stock:95,1,0,"id 95: 15 in stock, 2 used"
65,SW202,1,BOOT,SW_PUSH_6mm_H9.5mm,,6X6X10MM Tact Switch,,stock:95,1,0,"id 95: 15 in stock, 2 used"
66,U101,1,ST1S10PHR,SOIC-8-1EP_3.9x4.9mm_P1.27mm_EP2.41x3.3mm,STMicroelectronics,ST1S10PHR,C11175,stock:27,1,0,"id 27: 4 in stock, 1 used"
67,U201,1,ESP32-WROOM-32E-N4,ESP32-WROOM-32E_NoVias,Espressif,ESP32-WROOM-32E-N4,C701341,buy,0,1,
68,U301,1,PCF8563T/5,SOIC-8_3.9x4.9mm_P1.27mm,NXP,"PCF8563T/5,518",C7440,buy,0,1,
69,U601,1,UCC27524ADR,SOIC-8_3.9x4.9mm_P1.27mm,TI,UCC27524ADR,C185857,buy,0,1,
70,U700,1,SN74LVC1G08DBVR,SOT-23-5,TI,SN74LVC1G08DBVR,C7666,buy,0,1,
71,U710 U720,2,AL8853S-13,SOIC-8_3.9x4.9mm_P1.27mm,Diodes,AL8853S-13,C3192318,buy,0,2,
72,U902,1,ST1S14PHR,SOIC-8-1EP_3.9x4.9mm_P1.27mm_EP2.41x3.3mm,STMicroelectronics,ST1S14PHR,C84130,stock:26,1,0,"id 26: 3 in stock, 1 used"
73,Y301,1,32.768k 12.5pF,Crystal_SMD_3215-2Pin_3.2x1.5mm,Epson,Q13FC13500004,C32346,buy,0,1,
